district,total_population,senior_population,senior_percentage,area_degrees,senior_density_per_deg,area_km2,senior_density_per_km2
Batu Pahat,495.3,178.0,35.93781546537452,0.1594333546499992,1116.45395902733,1969.63966334609,0.0903718600475417
Batu Pahat,497.2,178.0,35.80048270313757,0.1594333546499992,1116.45395902733,1969.63966334609,0.0903718600475417
Batu Pahat,497.5,178.0,35.77889447236181,0.1594333546499992,1116.45395902733,1969.63966334609,0.0903718600475417
Batu Pahat,504.0,178.0,35.31746031746032,0.1594333546499992,1116.45395902733,1969.63966334609,0.0903718600475417
Batu Pahat,510.4,178.0,34.87460815047022,0.1594333546499992,1116.45395902733,1969.63966334609,0.0903718600475417
Johor Bahru,1711.2,586.7,34.28588125292193,0.0903152356499994,6496.13540592034,1115.7544212200926,0.5258325567363074
Johor Bahru,1715.4,586.7,34.201935408651046,0.0903152356499994,6496.13540592034,1115.7544212200926,0.5258325567363074
Johor Bahru,1723.7,586.7,34.03724546034693,0.0903152356499994,6496.13540592034,1115.7544212200926,0.5258325567363074
Johor Bahru,1761.6,586.7,33.304950045413264,0.0903152356499994,6496.13540592034,1115.7544212200926,0.5258325567363074
Johor Bahru,1800.0,586.7,32.59444444444445,0.0903152356499994,6496.13540592034,1115.7544212200926,0.5258325567363074
Kluang,323.8,103.0,31.80975911056208,0.2327919288000015,442.45520251043735,2875.9114883952184,0.0358147322737929
Kluang,325.3,103.0,31.66308023363049,0.2327919288000015,442.45520251043735,2875.9114883952184,0.0358147322737929
Kluang,323.5,103.0,31.83925811437404,0.2327919288000015,442.45520251043735,2875.9114883952184,0.0358147322737929
Kluang,328.7,103.0,31.33556434438698,0.2327919288000015,442.45520251043735,2875.9114883952184,0.0358147322737929
Kluang,333.8,103.0,30.85680047932894,0.2327919288000015,442.45520251043735,2875.9114883952184,0.0358147322737929
Kota Tinggi,222.4,67.8,30.485611510791365,0.2846621718500003,238.1770628649826,3516.716471034904,0.019279347811638543
Kota Tinggi,223.6,67.8,30.32200357781753,0.2846621718500003,238.1770628649826,3516.716471034904,0.019279347811638543
Kota Tinggi,224.9,67.8,30.14673188083593,0.2846621718500003,238.1770628649826,3516.716471034904,0.019279347811638543
Kota Tinggi,229.3,67.8,29.56825119930222,0.2846621718500003,238.1770628649826,3516.716471034904,0.019279347811638543
Kota Tinggi,233.8,67.8,28.99914456800684,0.2846621718500003,238.1770628649826,3516.716471034904,0.019279347811638543
Kulai,329.5,119.9,36.38846737481032,0.0622618026500002,1925.739295953384,769.1823099381024,0.15587981997356204
Kulai,328.2,119.9,36.53260207190738,0.0622618026500002,1925.739295953384,769.1823099381024,0.15587981997356204
Kulai,329.2,119.9,36.421628189550425,0.0622618026500002,1925.739295953384,769.1823099381024,0.15587981997356204
Kulai,340.3,119.9,35.23361739641493,0.0622618026500002,1925.739295953384,769.1823099381024,0.15587981997356204
Kulai,351.4,119.9,34.12066021627775,0.0622618026500002,1925.739295953384,769.1823099381024,0.15587981997356204
Mersing,78.2,23.4,29.923273657289,0.2301680707499999,101.66483962676222,2843.4963460454987,0.008229305457889122
Mersing,78.8,23.4,29.69543147208121,0.2301680707499999,101.66483962676222,2843.4963460454987,0.008229305457889122
Mersing,79.1,23.4,29.58280657395701,0.2301680707499999,101.66483962676222,2843.4963460454987,0.008229305457889122
Mersing,80.1,23.4,29.21348314606741,0.2301680707499999,101.66483962676222,2843.4963460454987,0.008229305457889122
Mersing,81.1,23.4,28.85326757090013,0.2301680707499999,101.66483962676222,2843.4963460454987,0.008229305457889122
Muar,314.8,111.3,35.35578144853876,0.1127692363999996,986.971301332678,1393.151146485595,0.07989082898920818
Muar,315.8,111.3,35.24382520582647,0.1127692363999996,986.971301332678,1393.151146485595,0.07989082898920818
Muar,314.0,111.3,35.445859872611464,0.1127692363999996,986.971301332678,1393.151146485595,0.07989082898920818
Muar,318.7,111.3,34.9231251961092,0.1127692363999996,986.971301332678,1393.151146485595,0.07989082898920818
Muar,323.3,111.3,34.42622950819672,0.1127692363999996,986.971301332678,1393.151146485595,0.07989082898920818
Pontian,173.3,56.3,32.4870167339873,0.0754796897000005,745.8960181708275,932.4760865538062,0.06037688345239012
Pontian,174.2,56.3,32.31917336394948,0.0754796897000005,745.8960181708275,932.4760865538062,0.06037688345239012
Pontian,173.6,56.3,32.43087557603687,0.0754796897000005,745.8960181708275,932.4760865538062,0.06037688345239012
Pontian,175.8,56.3,32.02502844141069,0.0754796897000005,745.8960181708275,932.4760865538062,0.06037688345239012
Pontian,177.9,56.3,31.646992692523888,0.0754796897000005,745.8960181708275,932.4760865538062,0.06037688345239012
Segamat,197.8,67.4,34.07482305358948,0.2338829134499988,288.17838381515315,2889.3895127612855,0.023326726875113578
Segamat,197.4,67.4,34.14387031408308,0.2338829134499988,288.17838381515315,2889.3895127612855,0.023326726875113578
Segamat,198.2,67.4,34.00605449041373,0.2338829134499988,288.17838381515315,2889.3895127612855,0.023326726875113578
Segamat,201.6,67.4,33.432539682539684,0.2338829134499988,288.17838381515315,2889.3895127612855,0.023326726875113578
Segamat,205.1,67.4,32.86201852754754,0.2338829134499988,288.17838381515315,2889.3895127612855,0.023326726875113578
Tangkak,163.4,58.3,35.67931456548347,0.0791333821000003,736.730801248033,977.6138024634038,0.059635000910477035
Tangkak,164.0,58.3,35.54878048780488,0.0791333821000003,736.730801248033,977.6138024634038,0.059635000910477035
Tangkak,164.6,58.3,35.41919805589308,0.0791333821000003,736.730801248033,977.6138024634038,0.059635000910477035
Tangkak,167.1,58.3,34.88928785158588,0.0791333821000003,736.730801248033,977.6138024634038,0.059635000910477035
Tangkak,169.5,58.3,34.3952802359882,0.0791333821000003,736.730801248033,977.6138024634038,0.059635000910477035
Baling,142.6,56.4,39.55119214586255,0.1248604384000001,451.7043246261734,1542.5258559936012,0.036563406558699496
Baling,144.2,56.4,39.112343966712906,0.1248604384000001,451.7043246261734,1542.5258559936012,0.036563406558699496
Baling,144.9,56.4,38.923395445134574,0.1248604384000001,451.7043246261734,1542.5258559936012,0.036563406558699496
Baling,146.7,56.4,38.445807770961146,0.1248604384000001,451.7043246261734,1542.5258559936012,0.036563406558699496
Baling,148.1,56.4,38.08237677245105,0.1248604384000001,451.7043246261734,1542.5258559936012,0.036563406558699496
Bandar Baharu,44.4,18.3,41.21621621621622,0.0224051302000002,816.7772218525121,276.79297849080245,0.06611439386858613
Bandar Baharu,44.4,18.3,41.21621621621622,0.0224051302000002,816.7772218525121,276.79297849080245,0.06611439386858613
Bandar Baharu,44.7,18.3,40.93959731543624,0.0224051302000002,816.7772218525121,276.79297849080245,0.06611439386858613
Bandar Baharu,45.1,18.3,40.57649667405765,0.0224051302000002,816.7772218525121,276.79297849080245,0.06611439386858613
Bandar Baharu,45.6,18.3,40.131578947368425,0.0224051302000002,816.7772218525121,276.79297849080245,0.06611439386858613
Kota Setar,374.1,169.4,45.28201015771184,0.0341668110499993,4958.027828587855,422.0967837116914,0.4013297578588204
Kota Setar,376.3,169.4,45.01727345203295,0.0341668110499993,4958.027828587855,422.0967837116914,0.4013297578588204
Kota Setar,376.8,169.4,44.95753715498939,0.0341668110499993,4958.027828587855,422.0967837116914,0.4013297578588204
Kota Setar,379.3,169.4,44.661218033219086,0.0341668110499993,4958.027828587855,422.0967837116914,0.4013297578588204
Kota Setar,381.8,169.4,44.36877946568884,0.0341668110499993,4958.027828587855,422.0967837116914,0.4013297578588204
Kuala Muda,545.0,250.3,45.92660550458716,0.0754149591499993,3318.970172776419,931.6764053390913,0.26865551018102823
Kuala Muda,546.3,250.3,45.81731649276954,0.0754149591499993,3318.970172776419,931.6764053390913,0.26865551018102823
Kuala Muda,550.5,250.3,45.4677565849228,0.0754149591499993,3318.970172776419,931.6764053390913,0.26865551018102823
Kuala Muda,560.3,250.3,44.672496876673215,0.0754149591499993,3318.970172776419,931.6764053390913,0.26865551018102823
Kuala Muda,571.4,250.3,43.80469023451173,0.0754149591499993,3318.970172776419,931.6764053390913,0.26865551018102823
Kubang Pasu,237.8,105.8,44.491169049621526,0.0769369558999993,1375.1518858832424,950.4791531885913,0.11131227828098136
Kubang Pasu,248.7,105.8,42.54121431443506,0.0769369558999993,1375.1518858832424,950.4791531885913,0.11131227828098136
Kubang Pasu,249.7,105.8,42.37084501401682,0.0769369558999993,1375.1518858832424,950.4791531885913,0.11131227828098136
Kubang Pasu,251.5,105.8,42.067594433399606,0.0769369558999993,1375.1518858832424,950.4791531885913,0.11131227828098136
Kubang Pasu,253.4,105.8,41.75217048145225,0.0769369558999993,1375.1518858832424,950.4791531885913,0.11131227828098136
Kulim,337.7,152.3,45.09920047379331,0.0623005372000009,2444.601713642972,769.6608365688111,0.19787936811097406
Kulim,339.0,152.3,44.92625368731564,0.0623005372000009,2444.601713642972,769.6608365688111,0.19787936811097406
Kulim,341.3,152.3,44.623498388514506,0.0623005372000009,2444.601713642972,769.6608365688111,0.19787936811097406
Kulim,346.4,152.3,43.96651270207853,0.0623005372000009,2444.601713642972,769.6608365688111,0.19787936811097406
Kulim,352.2,152.3,43.24247586598524,0.0623005372000009,2444.601713642972,769.6608365688111,0.19787936811097406
Langkawi,94.1,37.1,39.42614240170032,0.0382868629499998,969.0007783727334,472.9959048842975,0.07843619705137884
Langkawi,95.1,37.1,39.01156677181914,0.0382868629499998,969.0007783727334,472.9959048842975,0.07843619705137884
Langkawi,96.4,37.1,38.48547717842323,0.0382868629499998,969.0007783727334,472.9959048842975,0.07843619705137884
Langkawi,98.0,37.1,37.85714285714285,0.0382868629499998,969.0007783727334,472.9959048842975,0.07843619705137884
Langkawi,99.9,37.1,37.13713713713714,0.0382868629499998,969.0007783727334,472.9959048842975,0.07843619705137884
Padang Terap,65.7,24.7,37.595129375951295,0.1102237995499999,224.08953511710084,1361.7048196406988,0.01813902664052946
Padang Terap,66.4,24.7,37.19879518072289,0.1102237995499999,224.08953511710084,1361.7048196406988,0.01813902664052946
Padang Terap,66.5,24.7,37.142857142857146,0.1102237995499999,224.08953511710084,1361.7048196406988,0.01813902664052946
Padang Terap,67.1,24.7,36.810730253353206,0.1102237995499999,224.08953511710084,1361.7048196406988,0.01813902664052946
Padang Terap,67.7,24.7,36.48449039881832,0.1102237995499999,224.08953511710084,1361.7048196406988,0.01813902664052946
Pendang,98.9,37.6,38.01820020222447,0.0517843314499998,726.0883542796051,639.7436307332976,0.05877354332844472
Pendang,99.3,37.6,37.865055387714,0.0517843314499998,726.0883542796051,639.7436307332976,0.05877354332844472
Pendang,99.8,37.6,37.67535070140281,0.0517843314499998,726.0883542796051,639.7436307332976,0.05877354332844472
Pendang,100.7,37.6,37.33862959285005,0.0517843314499998,726.0883542796051,639.7436307332976,0.05877354332844472
Pendang,101.6,37.6,37.00787401574803,0.0517843314499998,726.0883542796051,639.7436307332976,0.05877354332844472
Pokok Sena,49.8,19.4,38.95582329317269,0.0199638700999998,971.7554714003134,246.63365121539755,0.07865917689819628
Pokok Sena,50.0,19.4,38.8,0.0199638700999998,971.7554714003134,246.63365121539755,0.07865917689819628
Pokok Sena,50.0,19.4,38.8,0.0199638700999998,971.7554714003134,246.63365121539755,0.07865917689819628
Pokok Sena,50.5,19.4,38.415841584158414,0.0199638700999998,971.7554714003134,246.63365121539755,0.07865917689819628
Pokok Sena,51.0,19.4,38.03921568627451,0.0199638700999998,971.7554714003134,246.63365121539755,0.07865917689819628
Sik,67.9,25.7,37.84977908689248,0.1353871923999998,189.82593216106923,1672.5733749095975,0.015365544128304136
Sik,68.3,25.7,37.62811127379209,0.1353871923999998,189.82593216106923,1672.5733749095975,0.015365544128304136
Sik,68.6,25.7,37.46355685131196,0.1353871923999998,189.82593216106923,1672.5733749095975,0.015365544128304136
Sik,69.3,25.7,37.085137085137085,0.1353871923999998,189.82593216106923,1672.5733749095975,0.015365544128304136
Sik,70.2,25.7,36.60968660968661,0.1353871923999998,189.82593216106923,1672.5733749095975,0.015365544128304136
Yan,73.4,30.2,41.14441416893733,0.0207784079499999,1453.431854484311,256.69645181429877,0.11764868499953987
Yan,73.6,30.2,41.03260869565218,0.0207784079499999,1453.431854484311,256.69645181429877,0.11764868499953987
Yan,73.8,30.2,40.921409214092144,0.0207784079499999,1453.431854484311,256.69645181429877,0.11764868499953987
Yan,74.3,30.2,40.64602960969045,0.0207784079499999,1453.431854484311,256.69645181429877,0.11764868499953987
Yan,74.7,30.2,40.42838018741633,0.0207784079499999,1453.431854484311,256.69645181429877,0.11764868499953987
Bachok,157.3,52.2,33.18499682136045,0.0224933662499995,2320.684215062792,277.8830466524938,0.1878488113212557
Bachok,158.9,52.2,32.85084959093769,0.0224933662499995,2320.684215062792,277.8830466524938,0.1878488113212557
Bachok,160.7,52.2,32.482887367766025,0.0224933662499995,2320.684215062792,277.8830466524938,0.1878488113212557
Bachok,163.1,52.2,32.00490496627836,0.0224933662499995,2320.684215062792,277.8830466524938,0.1878488113212557
Bachok,165.5,52.2,31.54078549848942,0.0224933662499995,2320.684215062792,277.8830466524938,0.1878488113212557
Gua Musang,101.9,24.1,23.65063788027478,0.5245784388500017,45.94165183920411,6480.64203355292,0.0037187673497817804
Gua Musang,102.5,24.1,23.512195121951223,0.5245784388500017,45.94165183920411,6480.64203355292,0.0037187673497817804
Gua Musang,104.0,24.1,23.173076923076923,0.5245784388500017,45.94165183920411,6480.64203355292,0.0037187673497817804
Gua Musang,107.2,24.1,22.48134328358209,0.5245784388500017,45.94165183920411,6480.64203355292,0.0037187673497817804
Gua Musang,110.5,24.1,21.809954751131222,0.5245784388500017,45.94165183920411,6480.64203355292,0.0037187673497817804
Jeli,54.7,14.1,25.776965265082264,0.1103876539499997,127.73167555845166,1363.7290768982964,0.010339297034033646
Jeli,55.6,14.1,25.359712230215827,0.1103876539499997,127.73167555845166,1363.7290768982964,0.010339297034033646
Jeli,56.1,14.1,25.13368983957219,0.1103876539499997,127.73167555845166,1363.7290768982964,0.010339297034033646
Jeli,56.9,14.1,24.78031634446397,0.1103876539499997,127.73167555845166,1363.7290768982964,0.010339297034033646
Jeli,57.8,14.1,24.39446366782007,0.1103876539499997,127.73167555845166,1363.7290768982964,0.010339297034033646
Kecil Lojing,10.6,1.2000000000000002,11.320754716981131,0.1474573686499997,8.137945298944558,1821.6883323020963,0.0006587295854739
Kecil Lojing,10.7,1.2000000000000002,11.21495327102804,0.1474573686499997,8.137945298944558,1821.6883323020963,0.0006587295854739
Kecil Lojing,10.8,1.2000000000000002,11.111111111111112,0.1474573686499997,8.137945298944558,1821.6883323020963,0.0006587295854739
Kecil Lojing,11.1,1.2000000000000002,10.810810810810812,0.1474573686499997,8.137945298944558,1821.6883323020963,0.0006587295854739
Kecil Lojing,11.3,1.2000000000000002,10.619469026548671,0.1474573686499997,8.137945298944558,1821.6883323020963,0.0006587295854739
Kota Bharu,555.8,194.8,35.04857862540482,0.0328743812999995,5925.586803362987,406.1301065801938,0.47964924747960075
Kota Bharu,562.4,194.8,34.63726884779517,0.0328743812999995,5925.586803362987,406.1301065801938,0.47964924747960075
Kota Bharu,567.5,194.8,34.32599118942731,0.0328743812999995,5925.586803362987,406.1301065801938,0.47964924747960075
Kota Bharu,575.8,194.8,33.83119138589789,0.0328743812999995,5925.586803362987,406.1301065801938,0.47964924747960075
Kota Bharu,583.8,194.8,33.36759164097294,0.0328743812999995,5925.586803362987,406.1301065801938,0.47964924747960075
Kuala Krai,105.0,37.4,35.61904761904762,0.1852011217999998,201.9426212784421,2287.9746587171976,0.01634633489383537
Kuala Krai,105.9,37.4,35.31633616619452,0.1852011217999998,201.9426212784421,2287.9746587171976,0.01634633489383537
Kuala Krai,107.1,37.4,34.92063492063492,0.1852011217999998,201.9426212784421,2287.9746587171976,0.01634633489383537
Kuala Krai,109.4,37.4,34.18647166361974,0.1852011217999998,201.9426212784421,2287.9746587171976,0.01634633489383537
Kuala Krai,111.8,37.4,33.4525939177102,0.1852011217999998,201.9426212784421,2287.9746587171976,0.01634633489383537
Machang,110.0,41.5,37.72727272727273,0.04349654355,954.0987998803864,537.3562990167001,0.07722994980414337
Machang,112.9,41.5,36.75819309123118,0.04349654355,954.0987998803864,537.3562990167001,0.07722994980414337
Machang,113.9,41.5,36.435469710272166,0.04349654355,954.0987998803864,537.3562990167001,0.07722994980414337
Machang,115.3,41.5,35.993061578490895,0.04349654355,954.0987998803864,537.3562990167001,0.07722994980414337
Machang,116.7,41.5,35.56126820908312,0.04349654355,954.0987998803864,537.3562990167001,0.07722994980414337
Pasir Mas,230.4,87.6,38.02083333333333,0.0466092808000002,1879.454016376917,575.8110550032025,0.15213323752443897
Pasir Mas,231.9,87.6,37.77490297542044,0.0466092808000002,1879.454016376917,575.8110550032025,0.15213323752443897
Pasir Mas,234.2,87.6,37.40392826643894,0.0466092808000002,1879.454016376917,575.8110550032025,0.15213323752443897
Pasir Mas,237.5,87.6,36.88421052631578,0.0466092808000002,1879.454016376917,575.8110550032025,0.15213323752443897
Pasir Mas,240.6,87.6,36.408977556109726,0.0466092808000002,1879.454016376917,575.8110550032025,0.15213323752443897
Pasir Puteh,136.2,51.2,37.59177679882526,0.0346914867999996,1475.866407662888,428.5786279271951,0.119464659839962
Pasir Puteh,137.4,51.2,37.26346433770015,0.0346914867999996,1475.866407662888,428.5786279271951,0.119464659839962
Pasir Puteh,138.9,51.2,36.861051115910726,0.0346914867999996,1475.866407662888,428.5786279271951,0.119464659839962
Pasir Puteh,141.0,51.2,36.312056737588655,0.0346914867999996,1475.866407662888,428.5786279271951,0.119464659839962
Pasir Puteh,143.0,51.2,35.80419580419581,0.0346914867999996,1475.866407662888,428.5786279271951,0.119464659839962
Tanah Merah,150.8,50.9,33.753315649867375,0.07138342445,713.050689178585,881.8708256553,0.057718203754135146
Tanah Merah,152.4,50.9,33.3989501312336,0.07138342445,713.050689178585,881.8708256553,0.057718203754135146
Tanah Merah,153.7,50.9,33.116460637605726,0.07138342445,713.050689178585,881.8708256553,0.057718203754135146
Tanah Merah,156.1,50.9,32.607303010890455,0.07138342445,713.050689178585,881.8708256553,0.057718203754135146
Tanah Merah,158.4,50.9,32.13383838383838,0.07138342445,713.050689178585,881.8708256553,0.057718203754135146
Tumpat,179.9,62.7,34.8526959421901,0.0147042896000002,4264.061828597201,181.65679371840247,0.3451563727211611
Tumpat,181.7,62.7,34.50742982938911,0.0147042896000002,4264.061828597201,181.65679371840247,0.3451563727211611
Tumpat,183.7,62.7,34.13173652694611,0.0147042896000002,4264.061828597201,181.65679371840247,0.3451563727211611
Tumpat,186.5,62.7,33.61930294906166,0.0147042896000002,4264.061828597201,181.65679371840247,0.3451563727211611
Tumpat,189.1,62.7,33.15705975674247,0.0147042896000002,4264.061828597201,181.65679371840247,0.3451563727211611
Alor Gajah,249.4,81.2,32.55813953488372,0.0543311044499997,1494.5398372073837,671.2064643752964,0.12097618886250487
Alor Gajah,251.0,81.2,32.35059760956175,0.0543311044499997,1494.5398372073837,671.2064643752964,0.12097618886250487
Alor Gajah,251.8,81.2,32.24781572676728,0.0543311044499997,1494.5398372073837,671.2064643752964,0.12097618886250487
Alor Gajah,256.3,81.2,31.68162309793211,0.0543311044499997,1494.5398372073837,671.2064643752964,0.12097618886250487
Alor Gajah,260.5,81.2,31.17082533589252,0.0543311044499997,1494.5398372073837,671.2064643752964,0.12097618886250487
Jasin,151.9,64.2,42.264647794601714,0.0553745923000001,1159.3764817659846,684.0977132742013,0.0938462426554951
Jasin,155.9,64.2,41.18024374599102,0.0553745923000001,1159.3764817659846,684.0977132742013,0.0938462426554951
Jasin,153.9,64.2,41.71539961013645,0.0553745923000001,1159.3764817659846,684.0977132742013,0.0938462426554951
Jasin,154.5,64.2,41.55339805825243,0.0553745923000001,1159.3764817659846,684.0977132742013,0.0938462426554951
Jasin,156.4,64.2,41.04859335038363,0.0553745923000001,1159.3764817659846,684.0977132742013,0.0938462426554951
Melaka Tengah,597.1,189.9,31.80371797018925,0.0242511768999999,7830.547803228491,299.59903942259876,0.6338471590762912
Melaka Tengah,597.7,189.9,31.77179186883052,0.0242511768999999,7830.547803228491,299.59903942259876,0.6338471590762912
Melaka Tengah,602.8,189.9,31.502986065029862,0.0242511768999999,7830.547803228491,299.59903942259876,0.6338471590762912
Melaka Tengah,617.5,189.9,30.75303643724697,0.0242511768999999,7830.547803228491,299.59903942259876,0.6338471590762912
Melaka Tengah,630.1,189.9,30.138073321694968,0.0242511768999999,7830.547803228491,299.59903942259876,0.6338471590762912
Jelebu,46.1,21.8,47.288503253796094,0.1101586036999995,197.8964807811928,1360.8993901097938,0.016018818259769543
Jelebu,45.8,21.8,47.59825327510917,0.1101586036999995,197.8964807811928,1360.8993901097938,0.016018818259769543
Jelebu,46.3,21.8,47.0842332613391,0.1101586036999995,197.8964807811928,1360.8993901097938,0.016018818259769543
Jelebu,47.5,21.8,45.89473684210527,0.1101586036999995,197.8964807811928,1360.8993901097938,0.016018818259769543
Jelebu,48.7,21.8,44.76386036960985,0.1101586036999995,197.8964807811928,1360.8993901097938,0.016018818259769543
Jempol,127.2,60.5,47.56289308176101,0.1212579699500003,498.9362763119539,1498.0209607623037,0.04038661780087051
Jempol,127.1,60.5,47.60031471282455,0.1212579699500003,498.9362763119539,1498.0209607623037,0.04038661780087051
Jempol,127.6,60.5,47.41379310344828,0.1212579699500003,498.9362763119539,1498.0209607623037,0.04038661780087051
Jempol,129.5,60.5,46.71814671814672,0.1212579699500003,498.9362763119539,1498.0209607623037,0.04038661780087051
Jempol,131.3,60.5,46.07768469154608,0.1212579699500003,498.9362763119539,1498.0209607623037,0.04038661780087051
Kuala Pilah,70.3,31.5,44.80796586059744,0.0838668539,375.5953458986253,1036.0911130806,0.030402731576705973
Kuala Pilah,70.0,31.5,45.0,0.0838668539,375.5953458986253,1036.0911130806,0.030402731576705973
Kuala Pilah,70.4,31.5,44.74431818181818,0.0838668539,375.5953458986253,1036.0911130806,0.030402731576705973
Kuala Pilah,71.4,31.5,44.11764705882353,0.0838668539,375.5953458986253,1036.0911130806,0.030402731576705973
Kuala Pilah,72.3,31.5,43.56846473029046,0.0838668539,375.5953458986253,1036.0911130806,0.030402731576705973
Port Dickson,128.7,40.1,31.15773115773116,0.0474426264999999,845.2314502444349,586.1062077809987,0.06841763398449373
Port Dickson,128.9,40.1,31.10938712179984,0.0474426264999999,845.2314502444349,586.1062077809987,0.06841763398449373
Port Dickson,130.1,40.1,30.822444273635668,0.0474426264999999,845.2314502444349,586.1062077809987,0.06841763398449373
Port Dickson,132.7,40.1,30.21853805576489,0.0474426264999999,845.2314502444349,586.1062077809987,0.06841763398449373
Port Dickson,135.2,40.1,29.65976331360947,0.0474426264999999,845.2314502444349,586.1062077809987,0.06841763398449373
Rembau,47.3,22.7,47.99154334038055,0.0325403568000003,697.5953011062173,402.0035679072037,0.05646716052341093
Rembau,47.4,22.7,47.89029535864979,0.0325403568000003,697.5953011062173,402.0035679072037,0.05646716052341093
Rembau,47.8,22.7,47.48953974895397,0.0325403568000003,697.5953011062173,402.0035679072037,0.05646716052341093
Rembau,48.5,22.7,46.8041237113402,0.0325403568000003,697.5953011062173,402.0035679072037,0.05646716052341093
Rembau,49.2,22.7,46.138211382113816,0.0325403568000003,697.5953011062173,402.0035679072037,0.05646716052341093
Seremban,692.3,229.2,33.10703452260581,0.0780913524499992,2935.024081530072,964.74056816729,0.23757682382467799
Seremban,696.1,229.2,32.92630369199827,0.0780913524499992,2935.024081530072,964.74056816729,0.23757682382467799
Seremban,696.9,229.2,32.88850624192854,0.0780913524499992,2935.024081530072,964.74056816729,0.23757682382467799
Seremban,705.5,229.2,32.487597448618,0.0780913524499992,2935.024081530072,964.74056816729,0.23757682382467799
Seremban,712.7,229.2,32.159393854356665,0.0780913524499992,2935.024081530072,964.74056816729,0.23757682382467799
Tampin,88.1,37.4,42.45175936435868,0.07001742485,534.1527495494569,864.9952665968999,0.043237230819933414
Tampin,88.8,37.4,42.11711711711711,0.07001742485,534.1527495494569,864.9952665968999,0.043237230819933414
Tampin,88.8,37.4,42.11711711711711,0.07001742485,534.1527495494569,864.9952665968999,0.043237230819933414
Tampin,89.8,37.4,41.648106904231625,0.07001742485,534.1527495494569,864.9952665968999,0.043237230819933414
Tampin,90.6,37.4,41.280353200883,0.07001742485,534.1527495494569,864.9952665968999,0.043237230819933414
Bentong,116.8,43.9,37.58561643835616,0.1498384523000007,292.982204007988,1851.1042397142087,0.023715574227617622
Bentong,115.7,43.9,37.942955920484,0.1498384523000007,292.982204007988,1851.1042397142087,0.023715574227617622
Bentong,116.7,43.9,37.617823479006,0.1498384523000007,292.982204007988,1851.1042397142087,0.023715574227617622
Bentong,119.6,43.9,36.7056856187291,0.1498384523000007,292.982204007988,1851.1042397142087,0.023715574227617622
Bentong,121.2,43.9,36.22112211221122,0.1498384523000007,292.982204007988,1851.1042397142087,0.023715574227617622
Bera,98.1,37.5,38.226299694189606,0.1771480894,211.6872957930981,2188.4874964476,0.017135121887089055
Bera,98.0,37.5,38.265306122448976,0.1771480894,211.6872957930981,2188.4874964476,0.017135121887089055
Bera,98.9,37.5,37.91708796764408,0.1771480894,211.6872957930981,2188.4874964476,0.017135121887089055
Bera,100.1,37.5,37.46253746253746,0.1771480894,211.6872957930981,2188.4874964476,0.017135121887089055
Bera,101.0,37.5,37.12871287128713,0.1771480894,211.6872957930981,2188.4874964476,0.017135121887089055
Cameron Highlands,39.0,15.2,38.97435897435898,0.0564087594499996,269.4616961657023,696.8738142452951,0.021811696306111593
Cameron Highlands,38.5,15.2,39.48051948051948,0.0564087594499996,269.4616961657023,696.8738142452951,0.021811696306111593
Cameron Highlands,39.2,15.2,38.77551020408163,0.0564087594499996,269.4616961657023,696.8738142452951,0.021811696306111593
Cameron Highlands,40.9,15.2,37.16381418092909,0.0564087594499996,269.4616961657023,696.8738142452951,0.021811696306111593
Cameron Highlands,44.5,15.2,34.157303370786515,0.0564087594499996,269.4616961657023,696.8738142452951,0.021811696306111593
Jerantut,96.0,33.0,34.375,0.5905346830000008,55.881561151252406,7295.465473782009,0.004523357710154801
Jerantut,95.9,33.0,34.410844629822726,0.5905346830000008,55.881561151252406,7295.465473782009,0.004523357710154801
Jerantut,97.0,33.0,34.02061855670103,0.5905346830000008,55.881561151252406,7295.465473782009,0.004523357710154801
Jerantut,98.6,33.0,33.46855983772819,0.5905346830000008,55.881561151252406,7295.465473782009,0.004523357710154801
Jerantut,100.0,33.0,33.0,0.5905346830000008,55.881561151252406,7295.465473782009,0.004523357710154801
Kuantan,548.0,184.4,33.64963503649635,0.2497097672500006,738.457297969387,3084.9144646065074,0.05977475295203069
Kuantan,554.6,184.4,33.24918860439956,0.2497097672500006,738.457297969387,3084.9144646065074,0.05977475295203069
Kuantan,557.9,184.4,33.052518372468185,0.2497097672500006,738.457297969387,3084.9144646065074,0.05977475295203069
Kuantan,565.8,184.4,32.591021562389535,0.2497097672500006,738.457297969387,3084.9144646065074,0.05977475295203069
Kuantan,571.3,184.4,32.27726238403641,0.2497097672500006,738.457297969387,3084.9144646065074,0.05977475295203069
Lipis,96.6,27.7,28.67494824016564,0.4358023394499998,63.56092542999773,5383.902101565298,0.005144967251902034
Lipis,96.6,27.7,28.67494824016564,0.4358023394499998,63.56092542999773,5383.902101565298,0.005144967251902034
Lipis,97.9,27.7,28.29417773237998,0.4358023394499998,63.56092542999773,5383.902101565298,0.005144967251902034
Lipis,100.1,27.7,27.672327672327672,0.4358023394499998,63.56092542999773,5383.902101565298,0.005144967251902034
Lipis,102.2,27.7,27.10371819960861,0.4358023394499998,63.56092542999773,5383.902101565298,0.005144967251902034
Maran,112.3,35.300000000000004,31.43365983971505,0.1619006859499997,218.03490079654023,2000.1210742262963,0.01764893158463172
Maran,113.5,35.300000000000004,31.101321585903086,0.1619006859499997,218.03490079654023,2000.1210742262963,0.01764893158463172
Maran,114.7,35.300000000000004,30.77593722755013,0.1619006859499997,218.03490079654023,2000.1210742262963,0.01764893158463172
Maran,117.0,35.300000000000004,30.17094017094017,0.1619006859499997,218.03490079654023,2000.1210742262963,0.01764893158463172
Maran,119.1,35.300000000000004,29.63895885810244,0.1619006859499997,218.03490079654023,2000.1210742262963,0.01764893158463172
Pekan,121.2,30.8,25.41254125412541,0.3011397747499996,102.27808673088622,3720.280777261495,0.008278945016260824
Pekan,122.6,30.8,25.12234910277325,0.3011397747499996,102.27808673088622,3720.280777261495,0.008278945016260824
Pekan,123.5,30.8,24.93927125506073,0.3011397747499996,102.27808673088622,3720.280777261495,0.008278945016260824
Pekan,125.9,30.8,24.463860206513104,0.3011397747499996,102.27808673088622,3720.280777261495,0.008278945016260824
Pekan,128.0,30.8,24.0625,0.3011397747499996,102.27808673088622,3720.280777261495,0.008278945016260824
Raub,96.1,37.3,38.81373569198751,0.1894003584999994,196.93732522686915,2339.8520289089925,0.015941178988737995
Raub,96.0,37.3,38.85416666666666,0.1894003584999994,196.93732522686915,2339.8520289089925,0.015941178988737995
Raub,96.8,37.3,38.53305785123967,0.1894003584999994,196.93732522686915,2339.8520289089925,0.015941178988737995
Raub,98.8,37.3,37.75303643724696,0.1894003584999994,196.93732522686915,2339.8520289089925,0.015941178988737995
Raub,100.1,37.3,37.26273726273726,0.1894003584999994,196.93732522686915,2339.8520289089925,0.015941178988737995
Rompin,98.1,27.7,28.23649337410805,0.4302490162999995,64.3813209341207,5315.296347370194,0.005211374529231075
Rompin,100.6,27.7,27.534791252485093,0.4302490162999995,64.3813209341207,5315.296347370194,0.005211374529231075
Rompin,100.4,27.7,27.589641434262944,0.4302490162999995,64.3813209341207,5315.296347370194,0.005211374529231075
Rompin,101.6,27.7,27.263779527559056,0.4302490162999995,64.3813209341207,5315.296347370194,0.005211374529231075
Rompin,102.9,27.7,26.91933916423712,0.4302490162999995,64.3813209341207,5315.296347370194,0.005211374529231075
Temerloh,169.0,62.1,36.74556213017752,0.1853987903999993,334.9536416392943,2290.416656601591,0.027112970830443124
Temerloh,169.4,62.1,36.65879574970485,0.1853987903999993,334.9536416392943,2290.416656601591,0.027112970830443124
Temerloh,171.4,62.1,36.23103850641773,0.1853987903999993,334.9536416392943,2290.416656601591,0.027112970830443124
Temerloh,174.7,62.1,35.54665140240412,0.1853987903999993,334.9536416392943,2290.416656601591,0.027112970830443124
Temerloh,177.9,62.1,34.90725126475548,0.1853987903999993,334.9536416392943,2290.416656601591,0.027112970830443124
Bagan Datuk,82.8,32.3,39.00966183574879,0.0788293447499996,409.7458897119674,973.8577250414951,0.0331670624665669
Bagan Datuk,83.6,32.3,38.63636363636363,0.0788293447499996,409.7458897119674,973.8577250414951,0.0331670624665669
Bagan Datuk,82.3,32.3,39.246658566221136,0.0788293447499996,409.7458897119674,973.8577250414951,0.0331670624665669
Bagan Datuk,82.8,32.3,39.00966183574879,0.0788293447499996,409.7458897119674,973.8577250414951,0.0331670624665669
Bagan Datuk,83.4,32.3,38.72901678657074,0.0788293447499996,409.7458897119674,973.8577250414951,0.0331670624665669
Batang Padang,124.0,62.3,50.24193548387097,0.1446953618999998,430.5597579765966,1787.5665009125973,0.03485185024903649
Batang Padang,126.3,62.3,49.32699920823436,0.1446953618999998,430.5597579765966,1787.5665009125973,0.03485185024903649
Batang Padang,125.7,62.3,49.56245027844073,0.1446953618999998,430.5597579765966,1787.5665009125973,0.03485185024903649
Batang Padang,126.2,62.3,49.366085578446906,0.1446953618999998,430.5597579765966,1787.5665009125973,0.03485185024903649
Batang Padang,126.7,62.3,49.17127071823204,0.1446953618999998,430.5597579765966,1787.5665009125973,0.03485185024903649
Hilir Perak,142.0,77.7,54.718309859154935,0.0664727797499997,1168.8995148423942,821.2047210314962,0.09461708878439329
Hilir Perak,145.0,77.7,53.58620689655172,0.0664727797499997,1168.8995148423942,821.2047210314962,0.09461708878439329
Hilir Perak,142.3,77.7,54.60295151089248,0.0664727797499997,1168.8995148423942,821.2047210314962,0.09461708878439329
Hilir Perak,142.1,77.7,54.67980295566503,0.0664727797499997,1168.8995148423942,821.2047210314962,0.09461708878439329
Hilir Perak,141.9,77.7,54.7568710359408,0.0664727797499997,1168.8995148423942,821.2047210314962,0.09461708878439329
Hulu Perak,95.1,38.5,40.483701366982125,0.5343053882000002,72.05617021700098,6600.808765822802,0.005832618602638901
Hulu Perak,95.3,38.5,40.398740818468,0.5343053882000002,72.05617021700098,6600.808765822802,0.005832618602638901
Hulu Perak,95.9,38.5,40.145985401459846,0.5343053882000002,72.05617021700098,6600.808765822802,0.005832618602638901
Hulu Perak,97.1,38.5,39.6498455200824,0.5343053882000002,72.05617021700098,6600.808765822802,0.005832618602638901
Hulu Perak,98.3,38.5,39.16581892166836,0.5343053882000002,72.05617021700098,6600.808765822802,0.005832618602638901
Kampar,98.7,57.5,58.25734549138805,0.0540546634,1063.7380085878017,667.7913116436,0.08610474409808992
Kampar,98.3,57.5,58.4944048830112,0.0540546634,1063.7380085878017,667.7913116436,0.08610474409808992
Kampar,98.2,57.5,58.55397148676171,0.0540546634,1063.7380085878017,667.7913116436,0.08610474409808992
Kampar,98.9,57.5,58.13953488372092,0.0540546634,1063.7380085878017,667.7913116436,0.08610474409808992
Kampar,99.9,57.5,57.55755755755756,0.0540546634,1063.7380085878017,667.7913116436,0.08610474409808992
Kerian,166.4,78.2,46.99519230769231,0.0733137042999999,1066.6491448857273,905.7175029221987,0.08634038731469386
Kerian,167.8,78.2,46.6030989272944,0.0733137042999999,1066.6491448857273,905.7175029221987,0.08634038731469386
Kerian,167.5,78.2,46.6865671641791,0.0733137042999999,1066.6491448857273,905.7175029221987,0.08634038731469386
Kerian,168.5,78.2,46.409495548961424,0.0733137042999999,1066.6491448857273,905.7175029221987,0.08634038731469386
Kerian,169.6,78.2,46.108490566037744,0.0733137042999999,1066.6491448857273,905.7175029221987,0.08634038731469386
Kinta,888.8,450.1,50.641314131413154,0.1043741998000003,4312.368390487998,1289.4388643292039,0.3490665687621821
Kinta,893.6,450.1,50.3692927484333,0.1043741998000003,4312.368390487998,1289.4388643292039,0.3490665687621821
Kinta,895.8,450.1,50.24559053360126,0.1043741998000003,4312.368390487998,1289.4388643292039,0.3490665687621821
Kinta,909.1,450.1,49.510504894951055,0.1043741998000003,4312.368390487998,1289.4388643292039,0.3490665687621821
Kinta,923.3,450.1,48.74905231235785,0.1043741998000003,4312.368390487998,1289.4388643292039,0.3490665687621821
Kuala Kangsar,176.1,83.6,47.47302668938103,0.2082540792500005,401.4327128720565,2572.770895054506,0.03249414868642195
Kuala Kangsar,176.3,83.6,47.41917186613726,0.2082540792500005,401.4327128720565,2572.770895054506,0.03249414868642195
Kuala Kangsar,176.7,83.6,47.31182795698925,0.2082540792500005,401.4327128720565,2572.770895054506,0.03249414868642195
Kuala Kangsar,178.3,83.6,46.88726864834548,0.2082540792500005,401.4327128720565,2572.770895054506,0.03249414868642195
Kuala Kangsar,180.0,83.6,46.44444444444444,0.2082540792500005,401.4327128720565,2572.770895054506,0.03249414868642195
Larut Dan Matang,269.6,145.0,53.7833827893175,0.108639662249999,1334.687507278229,1342.1343874364877,0.10803687123832201
Larut Dan Matang,272.2,145.0,53.26965466568699,0.108639662249999,1334.687507278229,1342.1343874364877,0.10803687123832201
Larut Dan Matang,272.6,145.0,53.191489361702125,0.108639662249999,1334.687507278229,1342.1343874364877,0.10803687123832201
Larut Dan Matang,275.4,145.0,52.65068990559188,0.108639662249999,1334.687507278229,1342.1343874364877,0.10803687123832201
Larut Dan Matang,278.2,145.0,52.12077641984184,0.108639662249999,1334.687507278229,1342.1343874364877,0.10803687123832201
Manjung,247.0,92.9,37.61133603238866,0.0922657744000006,1006.8738988441128,1139.8513769376075,0.08150185355707572
Manjung,250.1,92.9,37.14514194322271,0.0922657744000006,1006.8738988441128,1139.8513769376075,0.08150185355707572
Manjung,249.6,92.9,37.219551282051285,0.0922657744000006,1006.8738988441128,1139.8513769376075,0.08150185355707572
Manjung,252.3,92.9,36.82124455013873,0.0922657744000006,1006.8738988441128,1139.8513769376075,0.08150185355707572
Manjung,255.0,92.9,36.431372549019606,0.0922657744000006,1006.8738988441128,1139.8513769376075,0.08150185355707572
Muallim,76.7,26.4,34.41981747066493,0.0774221215000001,340.9878144452543,956.4728890110011,0.027601409619981764
Muallim,77.9,26.4,33.88960205391528,0.0774221215000001,340.9878144452543,956.4728890110011,0.027601409619981764
Muallim,78.0,26.4,33.84615384615385,0.0774221215000001,340.9878144452543,956.4728890110011,0.027601409619981764
Muallim,78.6,26.4,33.58778625954199,0.0774221215000001,340.9878144452543,956.4728890110011,0.027601409619981764
Muallim,79.3,26.4,33.291298865069365,0.0774221215000001,340.9878144452543,956.4728890110011,0.027601409619981764
Perak Tengah,94.6,36.9,39.00634249471459,0.1029126235499999,358.556596140727,1271.3825513366987,0.029023522433278867
Perak Tengah,95.0,36.9,38.8421052631579,0.1029126235499999,358.556596140727,1271.3825513366987,0.029023522433278867
Perak Tengah,95.6,36.9,38.59832635983263,0.1029126235499999,358.556596140727,1271.3825513366987,0.029023522433278867
Perak Tengah,97.2,36.9,37.96296296296296,0.1029126235499999,358.556596140727,1271.3825513366987,0.029023522433278867
Perak Tengah,98.7,36.9,37.38601823708206,0.1029126235499999,358.556596140727,1271.3825513366987,0.029023522433278867
Selama,34.4,18.1,52.61627906976744,0.0620237970499998,291.82347519628433,766.2419887556975,0.023621780410902096
Selama,34.4,18.1,52.61627906976744,0.0620237970499998,291.82347519628433,766.2419887556975,0.023621780410902096
Selama,34.5,18.1,52.46376811594203,0.0620237970499998,291.82347519628433,766.2419887556975,0.023621780410902096
Selama,34.8,18.1,52.01149425287357,0.0620237970499998,291.82347519628433,766.2419887556975,0.023621780410902096
Selama,35.2,18.1,51.42045454545454,0.0620237970499998,291.82347519628433,766.2419887556975,0.023621780410902096
Perlis,284.9,117.1,41.102141102141104,0.0668486131500007,1751.7192127417932,825.8477668551086,0.14179368728685401
Perlis,287.6,117.1,40.716272600834486,0.0668486131500007,1751.7192127417932,825.8477668551086,0.14179368728685401
Perlis,289.8,117.1,40.4071773636991,0.0668486131500007,1751.7192127417932,825.8477668551086,0.14179368728685401
Perlis,293.1,117.1,39.95223473217332,0.0668486131500007,1751.7192127417932,825.8477668551086,0.14179368728685401
Perlis,296.8,117.1,39.45417789757412,0.0668486131500007,1751.7192127417932,825.8477668551086,0.14179368728685401
Barat Daya,237.7,80.5,33.866217921750106,0.0142430915499998,5651.862849958372,175.95915300869754,0.4574925408740797
Barat Daya,238.5,80.5,33.75262054507338,0.0142430915499998,5651.862849958372,175.95915300869754,0.4574925408740797
Barat Daya,239.6,80.5,33.59766277128548,0.0142430915499998,5651.862849958372,175.95915300869754,0.4574925408740797
Barat Daya,244.2,80.5,32.96478296478297,0.0142430915499998,5651.862849958372,175.95915300869754,0.4574925408740797
Barat Daya,248.3,80.5,32.4204591220298,0.0142430915499998,5651.862849958372,175.95915300869754,0.4574925408740797
Seberang Perai Selatan,184.0,50.0,27.17391304347825,0.01984919845,2518.993405499454,245.2169976513,0.2039010365468233
Seberang Perai Selatan,186.5,50.0,26.80965147453083,0.01984919845,2518.993405499454,245.2169976513,0.2039010365468233
Seberang Perai Selatan,185.5,50.0,26.954177897574123,0.01984919845,2518.993405499454,245.2169976513,0.2039010365468233
Seberang Perai Selatan,186.8,50.0,26.766595289079227,0.01984919845,2518.993405499454,245.2169976513,0.2039010365468233
Seberang Perai Selatan,188.1,50.0,26.581605528973952,0.01984919845,2518.993405499454,245.2169976513,0.2039010365468233
Seberang Perai Tengah,423.0,138.8,32.81323877068558,0.0195881275999998,7085.924843577246,241.99172837039754,0.5735733239094432
Seberang Perai Tengah,421.6,138.8,32.922201138519924,0.0195881275999998,7085.924843577246,241.99172837039754,0.5735733239094432
Seberang Perai Tengah,422.8,138.8,32.82876064333018,0.0195881275999998,7085.924843577246,241.99172837039754,0.5735733239094432
Seberang Perai Tengah,433.5,138.8,32.01845444059977,0.0195881275999998,7085.924843577246,241.99172837039754,0.5735733239094432
Seberang Perai Tengah,443.2,138.8,31.31768953068592,0.0195881275999998,7085.924843577246,241.99172837039754,0.5735733239094432
Seberang Perai Utara,339.1,119.0,35.09289295193158,0.0216941577499991,5485.347777560277,268.0096248434889,0.44401390461067625
Seberang Perai Utara,339.8,119.0,35.020600353148915,0.0216941577499991,5485.347777560277,268.0096248434889,0.44401390461067625
Seberang Perai Utara,341.3,119.0,34.8666861998242,0.0216941577499991,5485.347777560277,268.0096248434889,0.44401390461067625
Seberang Perai Utara,346.6,119.0,34.333525678015,0.0216941577499991,5485.347777560277,268.0096248434889,0.44401390461067625
Seberang Perai Utara,351.0,119.0,33.903133903133906,0.0216941577499991,5485.347777560277,268.0096248434889,0.44401390461067625
Timur Laut,556.6,257.9,46.33489040603664,0.0098887542000003,26080.13049813608,122.16566938680371,2.11106771071201
Timur Laut,553.6,257.9,46.58598265895953,0.0098887542000003,26080.13049813608,122.16566938680371,2.11106771071201
Timur Laut,551.8,257.9,46.73794853207684,0.0098887542000003,26080.13049813608,122.16566938680371,2.11106771071201
Timur Laut,561.6,257.9,45.922364672364665,0.0098887542000003,26080.13049813608,122.16566938680371,2.11106771071201
Timur Laut,569.9,257.9,45.253553254957005,0.0098887542000003,26080.13049813608,122.16566938680371,2.11106771071201
Beaufort,75.7,22.6,29.854689564068693,0.1395236433000002,161.9797151612938,1723.6750893282024,0.01311151976374404
Beaufort,76.5,22.6,29.54248366013072,0.1395236433000002,161.9797151612938,1723.6750893282024,0.01311151976374404
Beaufort,76.1,22.6,29.697766097240475,0.1395236433000002,161.9797151612938,1723.6750893282024,0.01311151976374404
Beaufort,77.0,22.6,29.35064935064936,0.1395236433000002,161.9797151612938,1723.6750893282024,0.01311151976374404
Beaufort,77.6,22.6,29.12371134020619,0.1395236433000002,161.9797151612938,1723.6750893282024,0.01311151976374404
Beluran,77.1,20.1,26.07003891050584,0.4620135389500008,43.50521858229619,5707.71526018831,0.0035215491810179854
Beluran,80.5,20.1,24.968944099378884,0.4620135389500008,43.50521858229619,5707.71526018831,0.0035215491810179854
Beluran,76.3,20.1,26.34338138925295,0.4620135389500008,43.50521858229619,5707.71526018831,0.0035215491810179854
Beluran,83.9,20.1,23.95709177592372,0.4620135389500008,43.50521858229619,5707.71526018831,0.0035215491810179854
Beluran,90.0,20.1,22.333333333333336,0.4620135389500008,43.50521858229619,5707.71526018831,0.0035215491810179854
Kalabakan,48.2,10.2,21.161825726141075,0.3290820596999986,30.995308614813684,4065.4797655337825,0.0025089289796676128
Kalabakan,50.2,10.2,20.3187250996016,0.3290820596999986,30.995308614813684,4065.4797655337825,0.0025089289796676128
Kalabakan,46.6,10.2,21.88841201716738,0.3290820596999986,30.995308614813684,4065.4797655337825,0.0025089289796676128
Kalabakan,53.3,10.2,19.136960600375232,0.3290820596999986,30.995308614813684,4065.4797655337825,0.0025089289796676128
Kalabakan,58.7,10.2,17.376490630323676,0.3290820596999986,30.995308614813684,4065.4797655337825,0.0025089289796676128
Keningau,150.9,50.5,33.465871438038434,0.2939804744500002,171.78011599062498,3631.8347813553023,0.01390481754821313
Keningau,151.2,50.5,33.3994708994709,0.2939804744500002,171.78011599062498,3631.8347813553023,0.01390481754821313
Keningau,153.2,50.5,32.96344647519582,0.2939804744500002,171.78011599062498,3631.8347813553023,0.01390481754821313
Keningau,156.1,50.5,32.351057014734145,0.2939804744500002,171.78011599062498,3631.8347813553023,0.01390481754821313
Keningau,158.1,50.5,31.941808981657186,0.2939804744500002,171.78011599062498,3631.8347813553023,0.01390481754821313
Kinabatangan,143.1,24.3,16.9811320754717,0.5729018534500023,42.41564214475121,7077.629497521329,0.003433352933847435
Kinabatangan,135.4,24.3,17.946824224519943,0.5729018534500023,42.41564214475121,7077.629497521329,0.003433352933847435
Kinabatangan,138.1,24.3,17.595944967414916,0.5729018534500023,42.41564214475121,7077.629497521329,0.003433352933847435
Kinabatangan,149.1,24.3,16.297786720321934,0.5729018534500023,42.41564214475121,7077.629497521329,0.003433352933847435
Kinabatangan,164.2,24.3,14.79902557856273,0.5729018534500023,42.41564214475121,7077.629497521329,0.003433352933847435
Kota Belud,107.2,32.1,29.94402985074627,0.1099664362999993,291.90724988511977,1358.5253540501915,0.023628561590182916
Kota Belud,108.5,32.1,29.5852534562212,0.1099664362999993,291.90724988511977,1358.5253540501915,0.023628561590182916
Kota Belud,108.3,32.1,29.6398891966759,0.1099664362999993,291.90724988511977,1358.5253540501915,0.023628561590182916
Kota Belud,109.6,32.1,29.28832116788321,0.1099664362999993,291.90724988511977,1358.5253540501915,0.023628561590182916
Kota Belud,110.9,32.1,28.944995491433723,0.1099664362999993,291.90724988511977,1358.5253540501915,0.023628561590182916
Kota Kinabalu,500.4,176.1,35.19184652278177,0.0287464435499997,6125.975190416255,355.1335636166963,0.49586977419590994
Kota Kinabalu,496.4,176.1,35.475423045930704,0.0287464435499997,6125.975190416255,355.1335636166963,0.49586977419590994
Kota Kinabalu,500.8,176.1,35.16373801916933,0.0287464435499997,6125.975190416255,355.1335636166963,0.49586977419590994
Kota Kinabalu,525.7,176.1,33.49819288567624,0.0287464435499997,6125.975190416255,355.1335636166963,0.49586977419590994
Kota Kinabalu,547.0,176.1,32.19378427787934,0.0287464435499997,6125.975190416255,355.1335636166963,0.49586977419590994
Kota Marudu,69.5,24.0,34.53237410071942,0.1410135438000002,170.19641768622765,1742.0813201052024,0.013776624387747103
Kota Marudu,70.3,24.0,34.1394025604552,0.1410135438000002,170.19641768622765,1742.0813201052024,0.013776624387747103
Kota Marudu,71.1,24.0,33.75527426160338,0.1410135438000002,170.19641768622765,1742.0813201052024,0.013776624387747103
Kota Marudu,72.4,24.0,33.14917127071823,0.1410135438000002,170.19641768622765,1742.0813201052024,0.013776624387747103
Kota Marudu,73.7,24.0,32.56445047489823,0.1410135438000002,170.19641768622765,1742.0813201052024,0.013776624387747103
Kuala Penyu,23.7,6.2,26.16033755274261,0.0389592711499999,159.14055414766176,481.30283578709873,0.012881702618395814
Kuala Penyu,23.6,6.2,26.27118644067796,0.0389592711499999,159.14055414766176,481.30283578709873,0.012881702618395814
Kuala Penyu,23.7,6.2,26.16033755274261,0.0389592711499999,159.14055414766176,481.30283578709873,0.012881702618395814
Kuala Penyu,24.2,6.2,25.61983471074381,0.0389592711499999,159.14055414766176,481.30283578709873,0.012881702618395814
Kuala Penyu,24.5,6.2,25.30612244897959,0.0389592711499999,159.14055414766176,481.30283578709873,0.012881702618395814
Kudat,86.4,29.5,34.14351851851852,0.1117479647999994,263.98691065915625,1380.5343571391927,0.021368537369204826
Kudat,85.9,29.5,34.342258440046564,0.1117479647999994,263.98691065915625,1380.5343571391927,0.021368537369204826
Kudat,87.3,29.5,33.79152348224513,0.1117479647999994,263.98691065915625,1380.5343571391927,0.021368537369204826
Kudat,90.7,29.5,32.52480705622933,0.1117479647999994,263.98691065915625,1380.5343571391927,0.021368537369204826
Kudat,93.2,29.5,31.65236051502146,0.1117479647999994,263.98691065915625,1380.5343571391927,0.021368537369204826
Kunak,68.9,16.0,23.222060957910013,0.0901424643000007,177.4968115665313,1113.6200039622086,0.014367558002795154
Kunak,67.0,16.0,23.88059701492537,0.0901424643000007,177.4968115665313,1113.6200039622086,0.014367558002795154
Kunak,67.8,16.0,23.59882005899705,0.0901424643000007,177.4968115665313,1113.6200039622086,0.014367558002795154
Kunak,76.2,16.0,20.99737532808399,0.0901424643000007,177.4968115665313,1113.6200039622086,0.014367558002795154
Kunak,79.6,16.0,20.100502512562816,0.0901424643000007,177.4968115665313,1113.6200039622086,0.014367558002795154
Lahad Datu,229.1,63.1,27.542557835006548,0.6100706785500007,103.43063880725155,7536.813162806709,0.008372238854399512
Lahad Datu,233.2,63.1,27.05831903945112,0.6100706785500007,103.43063880725155,7536.813162806709,0.008372238854399512
Lahad Datu,226.9,63.1,27.80960775672102,0.6100706785500007,103.43063880725155,7536.813162806709,0.008372238854399512
Lahad Datu,242.1,63.1,26.06361007847997,0.6100706785500007,103.43063880725155,7536.813162806709,0.008372238854399512
Lahad Datu,253.7,63.1,24.87189594008672,0.6100706785500007,103.43063880725155,7536.813162806709,0.008372238854399512
Nabawan,28.3,8.9,31.448763250883395,0.4797412960499997,18.551665393992728,5926.723971401697,0.0015016727694667903
Nabawan,28.7,8.9,31.01045296167248,0.4797412960499997,18.551665393992728,5926.723971401697,0.0015016727694667903
Nabawan,29.2,8.9,30.47945205479452,0.4797412960499997,18.551665393992728,5926.723971401697,0.0015016727694667903
Nabawan,30.1,8.9,29.56810631229236,0.4797412960499997,18.551665393992728,5926.723971401697,0.0015016727694667903
Nabawan,30.7,8.9,28.99022801302932,0.4797412960499997,18.551665393992728,5926.723971401697,0.0015016727694667903
Papar,150.7,36.6,24.286662242866623,0.1045356128999996,350.1199159277148,1291.432961766595,0.028340611617914426
Papar,151.3,36.6,24.19035029742233,0.1045356128999996,350.1199159277148,1291.432961766595,0.028340611617914426
Papar,152.6,36.6,23.98427260812582,0.1045356128999996,350.1199159277148,1291.432961766595,0.028340611617914426
Papar,154.8,36.6,23.643410852713178,0.1045356128999996,350.1199159277148,1291.432961766595,0.028340611617914426
Papar,156.3,36.6,23.41650671785029,0.1045356128999996,350.1199159277148,1291.432961766595,0.028340611617914426
Penampang,162.2,60.6,37.3612823674476,0.0348911301500001,1736.8311011845992,431.04502187310123,0.14058856250482465
Penampang,165.5,60.6,36.616314199395774,0.0348911301500001,1736.8311011845992,431.04502187310123,0.14058856250482465
Penampang,163.2,60.6,37.13235294117647,0.0348911301500001,1736.8311011845992,431.04502187310123,0.14058856250482465
Penampang,165.9,60.6,36.52802893309222,0.0348911301500001,1736.8311011845992,431.04502187310123,0.14058856250482465
Penampang,167.6,60.6,36.15751789976134,0.0348911301500001,1736.8311011845992,431.04502187310123,0.14058856250482465
Pitas,36.7,12.7,34.60490463215258,0.1221782612500002,103.94647844933196,1509.3902394825025,0.00841399372262684
Pitas,37.1,12.7,34.23180592991913,0.1221782612500002,103.94647844933196,1509.3902394825025,0.00841399372262684
Pitas,37.3,12.7,34.04825737265416,0.1221782612500002,103.94647844933196,1509.3902394825025,0.00841399372262684
Pitas,38.0,12.7,33.421052631578945,0.1221782612500002,103.94647844933196,1509.3902394825025,0.00841399372262684
Pitas,38.5,12.7,32.98701298701299,0.1221782612500002,103.94647844933196,1509.3902394825025,0.00841399372262684
Putatan,68.8,16.0,23.25581395348837,0.0025367877000002,6307.189206254313,31.339475245802472,0.5105382229443359
Putatan,69.2,16.0,23.121387283236995,0.0025367877000002,6307.189206254313,31.339475245802472,0.5105382229443359
Putatan,69.2,16.0,23.121387283236995,0.0025367877000002,6307.189206254313,31.339475245802472,0.5105382229443359
Putatan,70.2,16.0,22.79202279202279,0.0025367877000002,6307.189206254313,31.339475245802472,0.5105382229443359
Putatan,71.0,16.0,22.53521126760564,0.0025367877000002,6307.189206254313,31.339475245802472,0.5105382229443359
Ranau,85.1,31.3,36.78025851938896,0.3073859160499999,101.82639595923678,3797.4456068816985,0.008242382706753827
Ranau,86.4,31.3,36.22685185185185,0.3073859160499999,101.82639595923678,3797.4456068816985,0.008242382706753827
Ranau,86.3,31.3,36.26882966396292,0.3073859160499999,101.82639595923678,3797.4456068816985,0.008242382706753827
Ranau,87.5,31.3,35.77142857142857,0.3073859160499999,101.82639595923678,3797.4456068816985,0.008242382706753827
Ranau,88.7,31.3,35.28748590755355,0.3073859160499999,101.82639595923678,3797.4456068816985,0.008242382706753827
Sandakan,439.1,138.6,31.56456388066499,0.1831090863000008,756.9258456837124,2262.12965215021,0.061269697724114655
Sandakan,432.1,138.6,32.07590835454756,0.1831090863000008,756.9258456837124,2262.12965215021,0.061269697724114655
Sandakan,435.3,138.6,31.840110268780148,0.1831090863000008,756.9258456837124,2262.12965215021,0.061269697724114655
Sandakan,470.4,138.6,29.464285714285715,0.1831090863000008,756.9258456837124,2262.12965215021,0.061269697724114655
Sandakan,499.4,138.6,27.75330396475771,0.1831090863000008,756.9258456837124,2262.12965215021,0.061269697724114655
Semporna,166.6,39.9,23.949579831932773,0.0909164873999991,438.86429338668427,1123.1822853395888,0.035524064544818226
Semporna,160.4,39.9,24.875311720698253,0.0909164873999991,438.86429338668427,1123.1822853395888,0.035524064544818226
Semporna,165.4,39.9,24.12333736396614,0.0909164873999991,438.86429338668427,1123.1822853395888,0.035524064544818226
Semporna,186.0,39.9,21.451612903225804,0.0909164873999991,438.86429338668427,1123.1822853395888,0.035524064544818226
Semporna,199.3,39.9,20.02007024586051,0.0909164873999991,438.86429338668427,1123.1822853395888,0.035524064544818226
Sipitang,37.8,10.9,28.835978835978835,0.2227216529500003,48.94001034756591,2751.503300544304,0.003961470806829037
Sipitang,37.5,10.9,29.06666666666667,0.2227216529500003,48.94001034756591,2751.503300544304,0.003961470806829037
Sipitang,38.1,10.9,28.60892388451444,0.2227216529500003,48.94001034756591,2751.503300544304,0.003961470806829037
Sipitang,39.4,10.9,27.66497461928934,0.2227216529500003,48.94001034756591,2751.503300544304,0.003961470806829037
Sipitang,40.5,10.9,26.913580246913583,0.2227216529500003,48.94001034756591,2751.503300544304,0.003961470806829037
Tambunan,31.6,11.7,37.0253164556962,0.1076938973999999,108.64125342723464,1330.4504084795988,0.008794014361926072
Tambunan,31.7,11.7,36.90851735015773,0.1076938973999999,108.64125342723464,1330.4504084795988,0.008794014361926072
Tambunan,32.1,11.7,36.44859813084112,0.1076938973999999,108.64125342723464,1330.4504084795988,0.008794014361926072
Tambunan,32.7,11.7,35.77981651376147,0.1076938973999999,108.64125342723464,1330.4504084795988,0.008794014361926072
Tambunan,33.3,11.7,35.13513513513514,0.1076938973999999,108.64125342723464,1330.4504084795988,0.008794014361926072
Tawau,372.6,114.9,30.83735909822866,0.16634399095,690.7373049293789,2055.0136641963,0.055912036986350895
Tawau,374.0,114.9,30.721925133689844,0.16634399095,690.7373049293789,2055.0136641963,0.055912036986350895
Tawau,369.6,114.9,31.087662337662337,0.16634399095,690.7373049293789,2055.0136641963,0.055912036986350895
Tawau,394.2,114.9,29.14764079147641,0.16634399095,690.7373049293789,2055.0136641963,0.055912036986350895
Tawau,413.6,114.9,27.78046421663443,0.16634399095,690.7373049293789,2055.0136641963,0.055912036986350895
Telupid,29.2,7.6,26.02739726027397,0.1777355749000002,42.76015088299574,2195.7452923146025,0.0034612393462033143
Telupid,29.6,7.6,25.67567567567568,0.1777355749000002,42.76015088299574,2195.7452923146025,0.0034612393462033143
Telupid,28.9,7.6,26.29757785467128,0.1777355749000002,42.76015088299574,2195.7452923146025,0.0034612393462033143
Telupid,30.3,7.6,25.08250825082508,0.1777355749000002,42.76015088299574,2195.7452923146025,0.0034612393462033143
Telupid,31.2,7.6,24.35897435897436,0.1777355749000002,42.76015088299574,2195.7452923146025,0.0034612393462033143
Tenom,51.3,17.7,34.50292397660819,0.1990999138999991,88.90008867050584,2459.6803363205886,0.007196057039866105
Tenom,51.6,17.7,34.30232558139535,0.1990999138999991,88.90008867050584,2459.6803363205886,0.007196057039866105
Tenom,52.0,17.7,34.03846153846154,0.1990999138999991,88.90008867050584,2459.6803363205886,0.007196057039866105
Tenom,52.9,17.7,33.459357277882795,0.1990999138999991,88.90008867050584,2459.6803363205886,0.007196057039866105
Tenom,53.8,17.7,32.899628252788105,0.1990999138999991,88.90008867050584,2459.6803363205886,0.007196057039866105
Tongod,42.7,12.4,29.039812646370024,0.8268926394999992,14.995900807023704,10215.431668382991,0.001213849830583107
Tongod,42.2,12.4,29.383886255924168,0.8268926394999992,14.995900807023704,10215.431668382991,0.001213849830583107
Tongod,42.2,12.4,29.383886255924168,0.8268926394999992,14.995900807023704,10215.431668382991,0.001213849830583107
Tongod,44.0,12.4,28.18181818181818,0.8268926394999992,14.995900807023704,10215.431668382991,0.001213849830583107
Tongod,45.0,12.4,27.55555555555556,0.8268926394999992,14.995900807023704,10215.431668382991,0.001213849830583107
Tuaran,135.7,42.1,31.02431834929993,0.0945021408500001,445.4925530927793,1167.4794480609012,0.03606059196153307
Tuaran,136.5,42.1,30.842490842490843,0.0945021408500001,445.4925530927793,1167.4794480609012,0.03606059196153307
Tuaran,137.1,42.1,30.707512764405543,0.0945021408500001,445.4925530927793,1167.4794480609012,0.03606059196153307
Tuaran,140.0,42.1,30.07142857142857,0.0945021408500001,445.4925530927793,1167.4794480609012,0.03606059196153307
Tuaran,142.1,42.1,29.62702322308234,0.0945021408500001,445.4925530927793,1167.4794480609012,0.03606059196153307
Asajaya,33.6,17.4,51.78571428571428,0.0274212612,634.5441179051221,338.7622608648,0.051363454581926815
Asajaya,33.8,17.4,51.4792899408284,0.0274212612,634.5441179051221,338.7622608648,0.051363454581926815
Asajaya,34.1,17.4,51.02639296187683,0.0274212612,634.5441179051221,338.7622608648,0.051363454581926815
Asajaya,34.5,17.4,50.43478260869565,0.0274212612,634.5441179051221,338.7622608648,0.051363454581926815
Asajaya,34.9,17.4,49.8567335243553,0.0274212612,634.5441179051221,338.7622608648,0.051363454581926815
Bau,52.6,26.2,49.80988593155893,0.0715031861000007,366.41723857392856,883.3503610794087,0.029659805615503396
Bau,52.9,26.2,49.52741020793951,0.0715031861000007,366.41723857392856,883.3503610794087,0.029659805615503396
Bau,53.1,26.2,49.34086629001883,0.0715031861000007,366.41723857392856,883.3503610794087,0.029659805615503396
Bau,53.6,26.2,48.88059701492537,0.0715031861000007,366.41723857392856,883.3503610794087,0.029659805615503396
Bau,53.9,26.2,48.608534322820034,0.0715031861000007,366.41723857392856,883.3503610794087,0.029659805615503396
Belaga,22.5,3.6,16.0,1.3014738648500015,2.766094730926395,16078.408126356919,0.00022390276274294923
Belaga,22.8,3.6,15.789473684210526,1.3014738648500015,2.766094730926395,16078.408126356919,0.00022390276274294923
Belaga,22.6,3.6,15.929203539823009,1.3014738648500015,2.766094730926395,16078.408126356919,0.00022390276274294923
Belaga,22.7,3.6,15.859030837004406,1.3014738648500015,2.766094730926395,16078.408126356919,0.00022390276274294923
Belaga,22.5,3.6,16.0,1.3014738648500015,2.766094730926395,16078.408126356919,0.00022390276274294923
Beluru,28.7,9.3,32.40418118466899,0.4010487171999986,23.1892027106577,4954.555852288782,0.0018770602809339244
Beluru,29.3,9.3,31.74061433447099,0.4010487171999986,23.1892027106577,4954.555852288782,0.0018770602809339244
Beluru,28.0,9.3,33.214285714285715,0.4010487171999986,23.1892027106577,4954.555852288782,0.0018770602809339244
Beluru,27.7,9.3,33.574007220216615,0.4010487171999986,23.1892027106577,4954.555852288782,0.0018770602809339244
Beluru,26.8,9.3,34.701492537313435,0.4010487171999986,23.1892027106577,4954.555852288782,0.0018770602809339244
Betong,36.3,20.0,55.09641873278237,0.12680304155,157.7249232788612,1566.5247753086999,0.012767113750919639
Betong,36.3,20.0,55.09641873278237,0.12680304155,157.7249232788612,1566.5247753086999,0.012767113750919639
Betong,36.5,20.0,54.7945205479452,0.12680304155,157.7249232788612,1566.5247753086999,0.012767113750919639
Betong,36.8,20.0,54.34782608695653,0.12680304155,157.7249232788612,1566.5247753086999,0.012767113750919639
Betong,37.0,20.0,54.054054054054056,0.12680304155,157.7249232788612,1566.5247753086999,0.012767113750919639
Bintulu,178.6,32.5,18.197088465845464,0.1692793594500001,191.99032950972085,2091.2772066453012,0.015540742230024353
Bintulu,177.0,32.5,18.361581920903955,0.1692793594500001,191.99032950972085,2091.2772066453012,0.015540742230024353
Bintulu,179.7,32.5,18.085698386199223,0.1692793594500001,191.99032950972085,2091.2772066453012,0.015540742230024353
Bintulu,185.2,32.5,17.548596112311017,0.1692793594500001,191.99032950972085,2091.2772066453012,0.015540742230024353
Bintulu,188.9,32.5,17.204870301746954,0.1692793594500001,191.99032950972085,2091.2772066453012,0.015540742230024353
Bukit Mabong,10.2,4.4,43.1372549019608,1.2025531107500012,3.6588820574052106,14856.341130205514,0.00029616982818562494
Bukit Mabong,10.3,4.4,42.71844660194175,1.2025531107500012,3.6588820574052106,14856.341130205514,0.00029616982818562494
Bukit Mabong,10.4,4.4,42.30769230769231,1.2025531107500012,3.6588820574052106,14856.341130205514,0.00029616982818562494
Bukit Mabong,10.6,4.4,41.50943396226416,1.2025531107500012,3.6588820574052106,14856.341130205514,0.00029616982818562494
Bukit Mabong,10.6,4.4,41.50943396226416,1.2025531107500012,3.6588820574052106,14856.341130205514,0.00029616982818562494
Dalat,21.1,11.2,53.08056872037915,0.0740978797000005,151.15142356765588,915.4052058138061,0.012235018906237337
Dalat,21.1,11.2,53.08056872037915,0.0740978797000005,151.15142356765588,915.4052058138061,0.012235018906237337
Dalat,21.2,11.2,52.830188679245296,0.0740978797000005,151.15142356765588,915.4052058138061,0.012235018906237337
Dalat,21.6,11.2,51.85185185185185,0.0740978797000005,151.15142356765588,915.4052058138061,0.012235018906237337
Dalat,21.7,11.2,51.61290322580646,0.0740978797000005,151.15142356765588,915.4052058138061,0.012235018906237337
Daro,19.5,7.1,36.41025641025641,0.0940404473499988,75.49942817238293,1161.775686561885,0.006111334642414036
Daro,19.5,7.1,36.41025641025641,0.0940404473499988,75.49942817238293,1161.775686561885,0.006111334642414036
Daro,19.6,7.1,36.224489795918366,0.0940404473499988,75.49942817238293,1161.775686561885,0.006111334642414036
Daro,19.9,7.1,35.678391959798994,0.0940404473499988,75.49942817238293,1161.775686561885,0.006111334642414036
Daro,20.1,7.1,35.32338308457711,0.0940404473499988,75.49942817238293,1161.775686561885,0.006111334642414036
Julau,15.3,8.6,56.209150326797385,0.1281907618000003,67.08751769037369,1583.6686712772037,0.005430428823892965
Julau,15.3,8.6,56.209150326797385,0.1281907618000003,67.08751769037369,1583.6686712772037,0.005430428823892965
Julau,15.4,8.6,55.84415584415584,0.1281907618000003,67.08751769037369,1583.6686712772037,0.005430428823892965
Julau,15.5,8.6,55.483870967741936,0.1281907618000003,67.08751769037369,1583.6686712772037,0.005430428823892965
Julau,15.6,8.6,55.12820512820513,0.1281907618000003,67.08751769037369,1583.6686712772037,0.005430428823892965
Kabong,18.4,10.4,56.52173913043479,0.0641674648500005,162.07590597994314,792.7248607569061,0.013119305972150183
Kabong,18.5,10.4,56.21621621621622,0.0641674648500005,162.07590597994314,792.7248607569061,0.013119305972150183
Kabong,18.6,10.4,55.91397849462365,0.0641674648500005,162.07590597994314,792.7248607569061,0.013119305972150183
Kabong,18.8,10.4,55.319148936170215,0.0641674648500005,162.07590597994314,792.7248607569061,0.013119305972150183
Kabong,19.0,10.4,54.736842105263165,0.0641674648500005,162.07590597994314,792.7248607569061,0.013119305972150183
Kanowit,24.7,14.3,57.89473684210527,0.1769823990499994,80.7989951360084,2186.4405578636924,0.006540310436782291
Kanowit,24.7,14.3,57.89473684210527,0.1769823990499994,80.7989951360084,2186.4405578636924,0.006540310436782291
Kanowit,24.6,14.3,58.13008130081301,0.1769823990499994,80.7989951360084,2186.4405578636924,0.006540310436782291
Kanowit,24.9,14.3,57.42971887550201,0.1769823990499994,80.7989951360084,2186.4405578636924,0.006540310436782291
Kanowit,25.0,14.3,57.2,0.1769823990499994,80.7989951360084,2186.4405578636924,0.006540310436782291
Kapit,36.0,14.0,38.88888888888889,0.3315383612999991,42.227390957427765,4095.8249155001886,0.0034181148581372642
Kapit,36.0,14.0,38.88888888888889,0.3315383612999991,42.227390957427765,4095.8249155001886,0.0034181148581372642
Kapit,36.2,14.0,38.67403314917127,0.3315383612999991,42.227390957427765,4095.8249155001886,0.0034181148581372642
Kapit,36.6,14.0,38.25136612021858,0.3315383612999991,42.227390957427765,4095.8249155001886,0.0034181148581372642
Kapit,37.0,14.0,37.83783783783784,0.3315383612999991,42.227390957427765,4095.8249155001886,0.0034181148581372642
Kuching,609.2,268.2,44.02495075508864,0.1396876999500003,1919.9972516978892,1725.7018451823037,0.15541502765888696
Kuching,612.5,268.2,43.78775510204081,0.1396876999500003,1919.9972516978892,1725.7018451823037,0.15541502765888696
Kuching,615.8,268.2,43.55310165638194,0.1396876999500003,1919.9972516978892,1725.7018451823037,0.15541502765888696
Kuching,621.3,268.2,43.16755190729116,0.1396876999500003,1919.9972516978892,1725.7018451823037,0.15541502765888696
Kuching,625.3,268.2,42.89141212218136,0.1396876999500003,1919.9972516978892,1725.7018451823037,0.15541502765888696
Lawas,36.6,15.3,41.80327868852459,0.2908177413500003,52.61027036719327,3592.762376637904,0.004258561629204571
Lawas,36.9,15.3,41.463414634146346,0.2908177413500003,52.61027036719327,3592.762376637904,0.004258561629204571
Lawas,37.2,15.3,41.12903225806451,0.2908177413500003,52.61027036719327,3592.762376637904,0.004258561629204571
Lawas,37.7,15.3,40.58355437665782,0.2908177413500003,52.61027036719327,3592.762376637904,0.004258561629204571
Lawas,38.1,15.3,40.15748031496063,0.2908177413500003,52.61027036719327,3592.762376637904,0.004258561629204571
Limbang,45.1,17.3,38.35920177383592,0.320823767750001,53.92368564626068,3963.456826783512,0.004364876610511631
Limbang,45.3,17.3,38.18984547461369,0.320823767750001,53.92368564626068,3963.456826783512,0.004364876610511631
Limbang,45.6,17.3,37.93859649122807,0.320823767750001,53.92368564626068,3963.456826783512,0.004364876610511631
Limbang,46.1,17.3,37.52711496746204,0.320823767750001,53.92368564626068,3963.456826783512,0.004364876610511631
Limbang,46.5,17.3,37.204301075268816,0.320823767750001,53.92368564626068,3963.456826783512,0.004364876610511631
Lubok Antu,24.6,17.5,71.13821138211381,0.2585039560999994,67.69722314512788,3193.5578736593925,0.005479781701888286
Lubok Antu,24.7,17.5,70.8502024291498,0.2585039560999994,67.69722314512788,3193.5578736593925,0.005479781701888286
Lubok Antu,24.6,17.5,71.13821138211381,0.2585039560999994,67.69722314512788,3193.5578736593925,0.005479781701888286
Lubok Antu,24.6,17.5,71.13821138211381,0.2585039560999994,67.69722314512788,3193.5578736593925,0.005479781701888286
Lubok Antu,24.6,17.5,71.13821138211381,0.2585039560999994,67.69722314512788,3193.5578736593925,0.005479781701888286
Lundu,33.5,15.2,45.373134328358205,0.1432932592000005,106.076169143342,1770.244924156806,0.008586382478819977
Lundu,33.7,15.2,45.10385756676557,0.1432932592000005,106.076169143342,1770.244924156806,0.008586382478819977
Lundu,33.8,15.2,44.97041420118343,0.1432932592000005,106.076169143342,1770.244924156806,0.008586382478819977
Lundu,34.2,15.2,44.44444444444444,0.1432932592000005,106.076169143342,1770.244924156806,0.008586382478819977
Lundu,34.4,15.2,44.18604651162791,0.1432932592000005,106.076169143342,1770.244924156806,0.008586382478819977
Maradong,20.3,8.9,43.84236453201971,0.0619109218000002,143.75492629153462,764.8475279172025,0.011636306159262972
Maradong,20.4,8.9,43.62745098039216,0.0619109218000002,143.75492629153462,764.8475279172025,0.011636306159262972
Maradong,20.5,8.9,43.41463414634146,0.0619109218000002,143.75492629153462,764.8475279172025,0.011636306159262972
Maradong,20.7,8.9,42.99516908212561,0.0619109218000002,143.75492629153462,764.8475279172025,0.011636306159262972
Maradong,20.8,8.9,42.78846153846153,0.0619109218000002,143.75492629153462,764.8475279172025,0.011636306159262972
Marudi,18.8,7.3,38.82978723404255,0.2572274501000007,28.379552793304224,3177.7879185354086,0.0022971954665132127
Marudi,19.2,7.3,38.02083333333333,0.2572274501000007,28.379552793304224,3177.7879185354086,0.0022971954665132127
Marudi,18.8,7.3,38.82978723404255,0.2572274501000007,28.379552793304224,3177.7879185354086,0.0022971954665132127
Marudi,18.7,7.3,39.037433155080215,0.2572274501000007,28.379552793304224,3177.7879185354086,0.0022971954665132127
Marudi,18.4,7.3,39.673913043478265,0.2572274501000007,28.379552793304224,3177.7879185354086,0.0022971954665132127
Matu,16.3,7.4,45.39877300613497,0.1298847355999999,56.9735925150546,1604.5960236023989,0.0046117526724182125
Matu,16.6,7.4,44.57831325301205,0.1298847355999999,56.9735925150546,1604.5960236023989,0.0046117526724182125
Matu,16.4,7.4,45.121951219512205,0.1298847355999999,56.9735925150546,1604.5960236023989,0.0046117526724182125
Matu,16.5,7.4,44.84848484848485,0.1298847355999999,56.9735925150546,1604.5960236023989,0.0046117526724182125
Matu,16.4,7.4,45.121951219512205,0.1298847355999999,56.9735925150546,1604.5960236023989,0.0046117526724182125
Miri,248.9,86.7,34.83326637203697,0.4209526526499993,205.96140552673185,5200.449070838092,0.016671637164216598
Miri,250.4,86.7,34.62460063897764,0.4209526526499993,205.96140552673185,5200.449070838092,0.016671637164216598
Miri,251.2,86.7,34.51433121019109,0.4209526526499993,205.96140552673185,5200.449070838092,0.016671637164216598
Miri,254.4,86.7,34.08018867924528,0.4209526526499993,205.96140552673185,5200.449070838092,0.016671637164216598
Miri,256.2,86.7,33.84074941451991,0.4209526526499993,205.96140552673185,5200.449070838092,0.016671637164216598
Mukah,42.3,14.3,33.806146572104026,0.1949929249499989,73.33599413243776,2408.9425948322864,0.00593621451614358
Mukah,42.8,14.3,33.411214953271035,0.1949929249499989,73.33599413243776,2408.9425948322864,0.00593621451614358
Mukah,42.5,14.3,33.64705882352941,0.1949929249499989,73.33599413243776,2408.9425948322864,0.00593621451614358
Mukah,42.7,14.3,33.48946135831382,0.1949929249499989,73.33599413243776,2408.9425948322864,0.00593621451614358
Mukah,42.5,14.3,33.64705882352941,0.1949929249499989,73.33599413243776,2408.9425948322864,0.00593621451614358
Pakan,15.5,6.8,43.87096774193549,0.08472899915,80.25587541712393,1046.7420554991,0.006496347370659215
Pakan,15.5,6.8,43.87096774193549,0.08472899915,80.25587541712393,1046.7420554991,0.006496347370659215
Pakan,15.6,6.8,43.58974358974359,0.08472899915,80.25587541712393,1046.7420554991,0.006496347370659215
Pakan,15.6,6.8,43.58974358974359,0.08472899915,80.25587541712393,1046.7420554991,0.006496347370659215
Pakan,15.7,6.8,43.31210191082803,0.08472899915,80.25587541712393,1046.7420554991,0.006496347370659215
Pusa,19.6,7.7,39.285714285714285,0.0758494748000004,101.51685321886968,937.0444116792049,0.008217326632578091
Pusa,19.6,7.7,39.285714285714285,0.0758494748000004,101.51685321886968,937.0444116792049,0.008217326632578091
Pusa,19.7,7.7,39.08629441624365,0.0758494748000004,101.51685321886968,937.0444116792049,0.008217326632578091
Pusa,20.0,7.7,38.5,0.0758494748000004,101.51685321886968,937.0444116792049,0.008217326632578091
Pusa,20.2,7.7,38.11881188118812,0.0758494748000004,101.51685321886968,937.0444116792049,0.008217326632578091
Samarahan,128.3,32.0,24.941543257989085,0.0340077535499996,940.9618883809032,420.1317873566951,0.0761665766861667
Samarahan,132.7,32.0,24.114544084400908,0.0340077535499996,940.9618883809032,420.1317873566951,0.0761665766861667
Samarahan,133.5,32.0,23.97003745318352,0.0340077535499996,940.9618883809032,420.1317873566951,0.0761665766861667
Samarahan,134.6,32.0,23.774145616641903,0.0340077535499996,940.9618883809032,420.1317873566951,0.0761665766861667
Samarahan,135.5,32.0,23.616236162361623,0.0340077535499996,940.9618883809032,420.1317873566951,0.0761665766861667
Saratok,23.1,12.0,51.94805194805194,0.0707374820499994,169.64132242533083,873.8908532456926,0.013731691956073403
Saratok,23.1,12.0,51.94805194805194,0.0707374820499994,169.64132242533083,873.8908532456926,0.013731691956073403
Saratok,23.1,12.0,51.94805194805194,0.0707374820499994,169.64132242533083,873.8908532456926,0.013731691956073403
Saratok,23.4,12.0,51.28205128205129,0.0707374820499994,169.64132242533083,873.8908532456926,0.013731691956073403
Saratok,23.5,12.0,51.06382978723404,0.0707374820499994,169.64132242533083,873.8908532456926,0.013731691956073403
Sarikei,44.0,22.0,50.0,0.0768704309499998,286.1958717820878,949.6573039562976,0.023166251560797158
Sarikei,44.2,22.0,49.77375565610859,0.0768704309499998,286.1958717820878,949.6573039562976,0.023166251560797158
Sarikei,44.4,22.0,49.549549549549546,0.0768704309499998,286.1958717820878,949.6573039562976,0.023166251560797158
Sarikei,44.7,22.0,49.21700223713646,0.0768704309499998,286.1958717820878,949.6573039562976,0.023166251560797158
Sarikei,45.0,22.0,48.888888888888886,0.0768704309499998,286.1958717820878,949.6573039562976,0.023166251560797158
Sebauh,29.6,4.8,16.216216216216214,0.4254372427499995,11.282510127635046,5255.851696933494,0.0009132677778561638
Sebauh,28.2,4.8,17.02127659574468,0.4254372427499995,11.282510127635046,5255.851696933494,0.0009132677778561638
Sebauh,29.1,4.8,16.49484536082474,0.4254372427499995,11.282510127635046,5255.851696933494,0.0009132677778561638
Sebauh,31.2,4.8,15.384615384615383,0.4254372427499995,11.282510127635046,5255.851696933494,0.0009132677778561638
Sebauh,31.4,4.8,15.286624203821656,0.4254372427499995,11.282510127635046,5255.851696933494,0.0009132677778561638
Selangau,19.8,9.8,49.494949494949495,0.3197105452000007,30.652726809087365,3949.7040754008085,0.0024811985437176113
Selangau,19.8,9.8,49.494949494949495,0.3197105452000007,30.652726809087365,3949.7040754008085,0.0024811985437176113
Selangau,19.9,9.8,49.2462311557789,0.3197105452000007,30.652726809087365,3949.7040754008085,0.0024811985437176113
Selangau,20.3,9.8,48.27586206896552,0.3197105452000007,30.652726809087365,3949.7040754008085,0.0024811985437176113
Selangau,20.5,9.8,47.804878048780495,0.3197105452000007,30.652726809087365,3949.7040754008085,0.0024811985437176113
Serian,85.3,47.6,55.80304806565065,0.1202206109500003,395.9387631110675,1485.2054276763038,0.03204943849045392
Serian,85.5,47.6,55.67251461988304,0.1202206109500003,395.9387631110675,1485.2054276763038,0.03204943849045392
Serian,86.0,47.6,55.34883720930232,0.1202206109500003,395.9387631110675,1485.2054276763038,0.03204943849045392
Serian,86.9,47.6,54.77560414269275,0.1202206109500003,395.9387631110675,1485.2054276763038,0.03204943849045392
Serian,87.6,47.6,54.337899543379,0.1202206109500003,395.9387631110675,1485.2054276763038,0.03204943849045392
Sibu,248.1,109.0,43.93389762192664,0.1760290623000005,619.2159327318059,2174.6630356542064,0.05012270784618795
Sibu,247.6,109.0,44.02261712439419,0.1760290623000005,619.2159327318059,2174.6630356542064,0.05012270784618795
Sibu,249.0,109.0,43.77510040160642,0.1760290623000005,619.2159327318059,2174.6630356542064,0.05012270784618795
Sibu,252.9,109.0,43.10003954132068,0.1760290623000005,619.2159327318059,2174.6630356542064,0.05012270784618795
Sibu,255.3,109.0,42.6948687818253,0.1760290623000005,619.2159327318059,2174.6630356542064,0.05012270784618795
Simunjan,36.2,20.0,55.24861878453038,0.176114407150001,113.56254336969435,2175.7173859311124,0.009192370355325753
Simunjan,36.4,20.0,54.94505494505495,0.176114407150001,113.56254336969435,2175.7173859311124,0.009192370355325753
Simunjan,36.5,20.0,54.7945205479452,0.176114407150001,113.56254336969435,2175.7173859311124,0.009192370355325753
Simunjan,36.9,20.0,54.20054200542006,0.176114407150001,113.56254336969435,2175.7173859311124,0.009192370355325753
Simunjan,37.0,20.0,54.054054054054056,0.176114407150001,113.56254336969435,2175.7173859311124,0.009192370355325753
Song,10.0,5.8,57.99999999999999,0.3148805556500002,18.419682943035976,3890.034384500103,0.0014909893915360187
Song,10.0,5.8,57.99999999999999,0.3148805556500002,18.419682943035976,3890.034384500103,0.0014909893915360187
Song,10.0,5.8,57.99999999999999,0.3148805556500002,18.419682943035976,3890.034384500103,0.0014909893915360187
Song,10.2,5.8,56.86274509803921,0.3148805556500002,18.419682943035976,3890.034384500103,0.0014909893915360187
Song,10.3,5.8,56.310679611650485,0.3148805556500002,18.419682943035976,3890.034384500103,0.0014909893915360187
Sri Aman,61.2,39.1,63.888888888888886,0.1893298590999993,206.51787407367348,2338.9810793213915,0.016716680757137243
Sri Aman,61.3,39.1,63.78466557911909,0.1893298590999993,206.51787407367348,2338.9810793213915,0.016716680757137243
Sri Aman,61.1,39.1,63.99345335515548,0.1893298590999993,206.51787407367348,2338.9810793213915,0.016716680757137243
Sri Aman,61.3,39.1,63.78466557911909,0.1893298590999993,206.51787407367348,2338.9810793213915,0.016716680757137243
Sri Aman,61.3,39.1,63.78466557911909,0.1893298590999993,206.51787407367348,2338.9810793213915,0.016716680757137243
Subis,57.3,18.0,31.413612565445025,0.2962226839999994,60.76509657174004,3659.5350381359926,0.004918657647056828
Subis,58.7,18.0,30.66439522998296,0.2962226839999994,60.76509657174004,3659.5350381359926,0.004918657647056828
Subis,56.6,18.0,31.802120141342755,0.2962226839999994,60.76509657174004,3659.5350381359926,0.004918657647056828
Subis,56.0,18.0,32.142857142857146,0.2962226839999994,60.76509657174004,3659.5350381359926,0.004918657647056828
Subis,55.4,18.0,32.49097472924188,0.2962226839999994,60.76509657174004,3659.5350381359926,0.004918657647056828
Tanjung Manis,7.9,3.6,45.56962025316456,0.0705533384499996,51.02522544062575,871.6159432112951,0.004130259465810731
Tanjung Manis,8.1,3.6,44.44444444444445,0.0705533384499996,51.02522544062575,871.6159432112951,0.004130259465810731
Tanjung Manis,7.9,3.6,45.56962025316456,0.0705533384499996,51.02522544062575,871.6159432112951,0.004130259465810731
Tanjung Manis,8.0,3.6,45.0,0.0705533384499996,51.02522544062575,871.6159432112951,0.004130259465810731
Tanjung Manis,7.9,3.6,45.56962025316456,0.0705533384499996,51.02522544062575,871.6159432112951,0.004130259465810731
Tatau,31.9,8.6,26.959247648902824,0.4141930829999993,20.76326320495317,5116.941347381991,0.0016806915335076226
Tatau,32.4,8.6,26.54320987654321,0.4141930829999993,20.76326320495317,5116.941347381991,0.0016806915335076226
Tatau,32.0,8.6,26.875,0.4141930829999993,20.76326320495317,5116.941347381991,0.0016806915335076226
Tatau,32.1,8.6,26.79127725856697,0.4141930829999993,20.76326320495317,5116.941347381991,0.0016806915335076226
Tatau,32.0,8.6,26.875,0.4141930829999993,20.76326320495317,5116.941347381991,0.0016806915335076226
Tebedu,25.2,12.3,48.80952380952381,0.0572519742000004,214.8397530717797,707.2908892668049,0.017390298937330413
Tebedu,25.2,12.3,48.80952380952381,0.0572519742000004,214.8397530717797,707.2908892668049,0.017390298937330413
Tebedu,25.3,12.3,48.61660079051384,0.0572519742000004,214.8397530717797,707.2908892668049,0.017390298937330413
Tebedu,25.5,12.3,48.23529411764706,0.0572519742000004,214.8397530717797,707.2908892668049,0.017390298937330413
Tebedu,25.7,12.3,47.85992217898833,0.0572519742000004,214.8397530717797,707.2908892668049,0.017390298937330413
Telang Usan,17.4,6.0,34.48275862068966,0.7961890768500022,7.535898412143587,9836.119855404926,0.0006099966336525489
Telang Usan,17.4,6.0,34.48275862068966,0.7961890768500022,7.535898412143587,9836.119855404926,0.0006099966336525489
Telang Usan,17.4,6.0,34.48275862068966,0.7961890768500022,7.535898412143587,9836.119855404926,0.0006099966336525489
Telang Usan,17.4,6.0,34.48275862068966,0.7961890768500022,7.535898412143587,9836.119855404926,0.0006099966336525489
Telang Usan,17.5,6.0,34.285714285714285,0.7961890768500022,7.535898412143587,9836.119855404926,0.0006099966336525489
Gombak,942.4,338.4,35.908319185059426,0.05057777355,6690.685972277239,624.8378144367,0.5415805384715269
Gombak,948.0,338.4,35.69620253164557,0.05057777355,6690.685972277239,624.8378144367,0.5415805384715269
Gombak,950.2,338.4,35.61355504104399,0.05057777355,6690.685972277239,624.8378144367,0.5415805384715269
Gombak,966.2,338.4,35.02380459532188,0.05057777355,6690.685972277239,624.8378144367,0.5415805384715269
Gombak,980.3,338.4,34.52004488421912,0.05057777355,6690.685972277239,624.8378144367,0.5415805384715269
Klang,1088.9,425.5,39.07613187620534,0.0508119306500001,8374.01756943473,627.7305912501013,0.6778385599348172
Klang,1078.7,425.5,39.44562899786781,0.0508119306500001,8374.01756943473,627.7305912501013,0.6778385599348172
Klang,1094.1,425.5,38.89041221094964,0.0508119306500001,8374.01756943473,627.7305912501013,0.6778385599348172
Klang,1134.0,425.5,37.52204585537919,0.0508119306500001,8374.01756943473,627.7305912501013,0.6778385599348172
Klang,1174.9,425.5,36.21584815728998,0.0508119306500001,8374.01756943473,627.7305912501013,0.6778385599348172
Kuala Langat,307.4,107.8,35.0683148991542,0.0691509552500008,1558.908327589569,854.2909011585099,0.12618652481702855
Kuala Langat,312.2,107.8,34.52914798206278,0.0691509552500008,1558.908327589569,854.2909011585099,0.12618652481702855
Kuala Langat,314.5,107.8,34.27662957074722,0.0691509552500008,1558.908327589569,854.2909011585099,0.12618652481702855
Kuala Langat,320.7,107.8,33.61396944184597,0.0691509552500008,1558.908327589569,854.2909011585099,0.12618652481702855
Kuala Langat,326.3,107.8,33.03708243947288,0.0691509552500008,1558.908327589569,854.2909011585099,0.12618652481702855
Kuala Selangor,281.7,95.0,33.723819666311684,0.0954603235000004,995.1778552269366,1179.316836519005,0.08055511212780778
Kuala Selangor,285.1,95.0,33.321641529287966,0.0954603235000004,995.1778552269366,1179.316836519005,0.08055511212780778
Kuala Selangor,287.6,95.0,33.031988873435324,0.0954603235000004,995.1778552269366,1179.316836519005,0.08055511212780778
Kuala Selangor,293.2,95.0,32.401091405184175,0.0954603235000004,995.1778552269366,1179.316836519005,0.08055511212780778
Kuala Selangor,298.4,95.0,31.836461126005368,0.0954603235000004,995.1778552269366,1179.316836519005,0.08055511212780778
Petaling,2298.1,911.9,39.68060571776685,0.0407330608499998,22387.22013447716,503.21623374089756,1.8121434462099066
Petaling,2315.7,911.9,39.37902146219286,0.0407330608499998,22387.22013447716,503.21623374089756,1.8121434462099066
Petaling,2304.8,911.9,39.56525511975008,0.0407330608499998,22387.22013447716,503.21623374089756,1.8121434462099066
Petaling,2334.7,911.9,39.05855141988264,0.0407330608499998,22387.22013447716,503.21623374089756,1.8121434462099066
Petaling,2360.0,911.9,38.639830508474574,0.0407330608499998,22387.22013447716,503.21623374089756,1.8121434462099066
Sabak Bernam,107.1,36.2,33.80018674136321,0.0803205869500004,450.6939176444824,992.2805311803049,0.03648161871818705
Sabak Bernam,107.5,36.2,33.674418604651166,0.0803205869500004,450.6939176444824,992.2805311803049,0.03648161871818705
Sabak Bernam,107.9,36.2,33.54958294717331,0.0803205869500004,450.6939176444824,992.2805311803049,0.03648161871818705
Sabak Bernam,109.2,36.2,33.15018315018315,0.0803205869500004,450.6939176444824,992.2805311803049,0.03648161871818705
Sabak Bernam,110.3,36.2,32.819582955575704,0.0803205869500004,450.6939176444824,992.2805311803049,0.03648161871818705
Sepang,325.2,110.5,33.97908979089791,0.0443842521499996,2489.6217610371714,548.323051061095,0.20152353578089482
Sepang,330.7,110.5,33.41397036589054,0.0443842521499996,2489.6217610371714,548.323051061095,0.20152353578089482
Sepang,331.5,110.5,33.33333333333333,0.0443842521499996,2489.6217610371714,548.323051061095,0.20152353578089482
Sepang,339.2,110.5,32.57665094339623,0.0443842521499996,2489.6217610371714,548.323051061095,0.20152353578089482
Sepang,346.9,110.5,31.853560103776307,0.0443842521499996,2489.6217610371714,548.323051061095,0.20152353578089482
Ulu Langat,1400.5,552.3,39.435915744377006,0.0687599493000002,8032.292135503339,849.4604136522025,0.650177443378933
Ulu Langat,1393.3,552.3,39.63970429914591,0.0687599493000002,8032.292135503339,849.4604136522025,0.650177443378933
Ulu Langat,1413.3,552.3,39.07875185735513,0.0687599493000002,8032.292135503339,849.4604136522025,0.650177443378933
Ulu Langat,1460.3,552.3,37.820995685817984,0.0687599493000002,8032.292135503339,849.4604136522025,0.650177443378933
Ulu Langat,1508.1,552.3,36.62223990451562,0.0687599493000002,8032.292135503339,849.4604136522025,0.650177443378933
Ulu Selangor,243.0,85.9,35.34979423868313,0.1428255781999998,601.4328881603653,1764.4671930827976,0.0486832514295261
Ulu Selangor,243.4,85.9,35.29170090386196,0.1428255781999998,601.4328881603653,1764.4671930827976,0.0486832514295261
Ulu Selangor,246.4,85.9,34.86201298701299,0.1428255781999998,601.4328881603653,1764.4671930827976,0.0486832514295261
Ulu Selangor,252.2,85.9,34.060269627279936,0.1428255781999998,601.4328881603653,1764.4671930827976,0.0486832514295261
Ulu Selangor,258.1,85.9,33.281673769856646,0.1428255781999998,601.4328881603653,1764.4671930827976,0.0486832514295261
Besut,154.2,50.0,32.425421530479895,0.1001672609500006,499.16509172550815,1237.4663417763074,0.04040513936583362
Besut,156.8,50.0,31.887755102040817,0.1001672609500006,499.16509172550815,1237.4663417763074,0.04040513936583362
Besut,159.3,50.0,31.387319522912744,0.1001672609500006,499.16509172550815,1237.4663417763074,0.04040513936583362
Besut,162.6,50.0,30.75030750307503,0.1001672609500006,499.16509172550815,1237.4663417763074,0.04040513936583362
Besut,165.4,50.0,30.22974607013301,0.1001672609500006,499.16509172550815,1237.4663417763074,0.04040513936583362
Dungun,158.1,39.0,24.66793168880456,0.2212595934000001,176.26354365342507,2733.4410168636014,0.014267730585512796
Dungun,160.7,39.0,24.268823895457377,0.2212595934000001,176.26354365342507,2733.4410168636014,0.014267730585512796
Dungun,162.5,39.0,24.0,0.2212595934000001,176.26354365342507,2733.4410168636014,0.014267730585512796
Dungun,165.3,39.0,23.5934664246824,0.2212595934000001,176.26354365342507,2733.4410168636014,0.014267730585512796
Dungun,168.1,39.0,23.200475907198097,0.2212595934000001,176.26354365342507,2733.4410168636014,0.014267730585512796
Hulu Terengganu,69.9,29.7,42.48927038626609,0.3151965893499997,94.22690791562026,3893.9386648298964,0.0076272387822260215
Hulu Terengganu,71.6,29.7,41.4804469273743,0.3151965893499997,94.22690791562026,3893.9386648298964,0.0076272387822260215
Hulu Terengganu,72.3,29.7,41.078838174273855,0.3151965893499997,94.22690791562026,3893.9386648298964,0.0076272387822260215
Hulu Terengganu,73.7,29.7,40.298507462686565,0.3151965893499997,94.22690791562026,3893.9386648298964,0.0076272387822260215
Hulu Terengganu,74.6,29.7,39.812332439678286,0.3151965893499997,94.22690791562026,3893.9386648298964,0.0076272387822260215
Kemaman,215.6,37.2,17.25417439703154,0.2059456325999996,180.6301960879751,2544.252345140395,0.01462119120025701
Kemaman,218.7,37.2,17.009602194787384,0.2059456325999996,180.6301960879751,2544.252345140395,0.01462119120025701
Kemaman,221.7,37.2,16.77943166441137,0.2059456325999996,180.6301960879751,2544.252345140395,0.01462119120025701
Kemaman,226.7,37.2,16.40935156594619,0.2059456325999996,180.6301960879751,2544.252345140395,0.01462119120025701
Kemaman,231.8,37.2,16.048317515099225,0.2059456325999996,180.6301960879751,2544.252345140395,0.01462119120025701
Kuala Nerus,145.6,42.6,29.25824175824176,0.0320778704999995,1328.018329645686,396.29001215699384,0.10749703170193356
Kuala Nerus,149.3,42.6,28.53315472203617,0.0320778704999995,1328.018329645686,396.29001215699384,0.10749703170193356
Kuala Nerus,151.1,42.6,28.19324950363998,0.0320778704999995,1328.018329645686,396.29001215699384,0.10749703170193356
Kuala Nerus,153.6,42.6,27.734375,0.0320778704999995,1328.018329645686,396.29001215699384,0.10749703170193356
Kuala Nerus,155.9,42.6,27.325208466966007,0.0320778704999995,1328.018329645686,396.29001215699384,0.10749703170193356
Kuala Terengganu,229.8,90.8,39.51261966927763,0.0168703976499998,5382.208640470373,208.41689256809752,0.4356652614918547
Kuala Terengganu,233.6,90.8,38.86986301369863,0.0168703976499998,5382.208640470373,208.41689256809752,0.4356652614918547
Kuala Terengganu,236.7,90.8,38.36079425433038,0.0168703976499998,5382.208640470373,208.41689256809752,0.4356652614918547
Kuala Terengganu,241.0,90.8,37.67634854771784,0.0168703976499998,5382.208640470373,208.41689256809752,0.4356652614918547
Kuala Terengganu,245.4,90.8,37.00081499592502,0.0168703976499998,5382.208640470373,208.41689256809752,0.4356652614918547
Marang,116.6,36.1,30.960548885077188,0.0540401397500008,668.0219586219597,667.6118864715098,0.054073333221787326
Marang,119.5,36.1,30.209205020920503,0.0540401397500008,668.0219586219597,667.6118864715098,0.054073333221787326
Marang,121.5,36.1,29.7119341563786,0.0540401397500008,668.0219586219597,667.6118864715098,0.054073333221787326
Marang,124.2,36.1,29.066022544283417,0.0540401397500008,668.0219586219597,667.6118864715098,0.054073333221787326
Marang,126.7,36.1,28.49250197316496,0.0540401397500008,668.0219586219597,667.6118864715098,0.054073333221787326
Setiu,59.7,19.3,32.32830820770519,0.1082085915999999,178.35922004551824,1336.808940626399,0.014437366038976707
Setiu,60.5,19.3,31.900826446280995,0.1082085915999999,178.35922004551824,1336.808940626399,0.014437366038976707
Setiu,61.5,19.3,31.38211382113821,0.1082085915999999,178.35922004551824,1336.808940626399,0.014437366038976707
Setiu,62.9,19.3,30.683624801271865,0.1082085915999999,178.35922004551824,1336.808940626399,0.014437366038976707
Setiu,64.3,19.3,30.01555209953344,0.1082085915999999,178.35922004551824,1336.808940626399,0.014437366038976707
W.P. Kuala Lumpur,1982.1,670.6,33.83280359214974,0.0196976285999999,34044.707290297985,243.34450372439875,2.75576390564174
W.P. Kuala Lumpur,1964.0,670.6,34.14460285132383,0.0196976285999999,34044.707290297985,243.34450372439875,2.75576390564174
W.P. Kuala Lumpur,1961.2,670.6,34.19335100958597,0.0196976285999999,34044.707290297985,243.34450372439875,2.75576390564174
W.P. Kuala Lumpur,2005.7,670.6,33.434711073440695,0.0196976285999999,34044.707290297985,243.34450372439875,2.75576390564174
W.P. Kuala Lumpur,2067.5,670.6,32.43530834340992,0.0196976285999999,34044.707290297985,243.34450372439875,2.75576390564174
W.P. Labuan,95.1,22.8,23.974763406940063,0.0078133928499998,2918.066509352667,96.52665526889753,0.23620418563644704
W.P. Labuan,96.0,22.8,23.75,0.0078133928499998,2918.066509352667,96.52665526889753,0.23620418563644704
W.P. Labuan,96.9,22.8,23.52941176470588,0.0078133928499998,2918.066509352667,96.52665526889753,0.23620418563644704
W.P. Labuan,99.0,22.8,23.03030303030303,0.0078133928499998,2918.066509352667,96.52665526889753,0.23620418563644704
W.P. Labuan,100.8,22.8,22.61904761904762,0.0078133928499998,2918.066509352667,96.52665526889753,0.23620418563644704
W.P. Putrajaya,109.2,9.8,8.974358974358974,0.0039910173000001,2455.5142870464915,49.30502772420123,0.19876269119689996
W.P. Putrajaya,115.2,9.8,8.506944444444445,0.0039910173000001,2455.5142870464915,49.30502772420123,0.19876269119689996
W.P. Putrajaya,117.0,9.8,8.376068376068377,0.0039910173000001,2455.5142870464915,49.30502772420123,0.19876269119689996
W.P. Putrajaya,118.8,9.8,8.249158249158251,0.0039910173000001,2455.5142870464915,49.30502772420123,0.19876269119689996
W.P. Putrajaya,120.3,9.8,8.146300914380717,0.0039910173000001,2455.5142870464915,49.30502772420123,0.19876269119689996
